patch_id,catalog_id,centre_lat,centre_lon,num_agn,num_psr
0,0,84.14973293629666,45.0,20,0
1,0,84.14973293629666,135.0,21,0
2,0,84.14973293629666,-135.0,19,0
3,0,84.14973293629666,-45.0,21,0
4,0,78.28414760510762,22.5,18,0
5,0,78.28414760510762,67.5,11,0
6,0,78.28414760510762,112.5,16,0
7,0,78.28414760510762,157.5,24,0
8,0,78.28414760510762,-157.5,24,0
9,0,78.28414760510762,-112.5,18,0
10,0,78.28414760510762,-67.5,17,0
11,0,78.28414760510762,-22.5,15,0
12,0,72.38756092964962,15.0,21,0
13,0,72.38756092964962,45.0,29,0
14,0,72.38756092964962,75.0,17,0
15,0,72.38756092964962,105.0,23,0
16,0,72.38756092964962,135.0,26,0
17,0,72.38756092964962,165.0,16,0
18,0,72.38756092964962,-165.0,25,0
19,0,72.38756092964962,-135.0,22,0
20,0,72.38756092964962,-105.0,13,0
21,0,72.38756092964962,-75.0,19,0
22,0,72.38756092964962,-45.0,19,0
23,0,72.38756092964962,-15.0,11,0
24,0,66.44353569089877,11.25,14,0
25,0,66.44353569089877,33.75,27,0
26,0,66.44353569089877,56.25,21,0
27,0,66.44353569089877,78.75,19,0
28,0,66.44353569089877,101.25,16,0
29,0,66.44353569089877,123.75,17,0
30,0,66.44353569089877,146.25,17,0
31,0,66.44353569089877,168.75,16,0
32,0,66.44353569089877,-168.75,19,0
33,0,66.44353569089877,-146.25,15,0
34,0,66.44353569089877,-123.75,22,0
35,0,66.44353569089877,-101.25,13,0
36,0,66.44353569089877,-78.75,21,0
37,0,66.44353569089877,-56.25,18,0
38,0,66.44353569089877,-33.75,22,0
39,0,66.44353569089877,-11.25,12,0
40,0,60.43443884495228,9.0,14,0
41,0,60.43443884495228,27.0,14,0
42,0,60.43443884495228,45.0,13,0
43,0,60.43443884495228,63.0,16,0
44,0,60.43443884495228,81.0,22,0
45,0,60.43443884495228,99.0,17,0
46,0,60.43443884495228,117.0,19,0
47,0,60.43443884495228,135.0,18,0
48,0,60.43443884495228,153.0,17,0
49,0,60.43443884495228,171.0,13,0
50,0,60.43443884495228,-171.0,14,0
51,0,60.43443884495228,-153.0,18,0
52,0,60.43443884495228,-135.0,28,0
53,0,60.43443884495228,-117.0,15,0
54,0,60.43443884495228,-99.0,14,0
55,0,60.43443884495228,-81.0,15,0
56,0,60.43443884495228,-63.0,21,0
57,0,60.43443884495228,-45.0,23,0
58,0,60.43443884495228,-27.0,15,0
59,0,60.43443884495228,-9.0,12,0
60,0,54.340912303861245,7.5,24,0
61,0,54.340912303861245,22.5,18,0
62,0,54.340912303861245,37.5,14,0
63,0,54.340912303861245,52.5,11,0
64,0,54.340912303861245,67.5,15,1
65,0,54.340912303861245,82.5,23,0
66,0,54.340912303861245,97.5,14,0
67,0,54.340912303861245,112.5,24,0
68,0,54.340912303861245,127.5,21,0
69,0,54.340912303861245,142.5,23,0
70,0,54.340912303861245,157.5,13,0
71,0,54.340912303861245,172.5,21,0
72,0,54.340912303861245,-172.5,18,0
73,0,54.340912303861245,-157.5,15,0
74,0,54.340912303861245,-142.5,23,0
75,0,54.340912303861245,-127.5,14,0
76,0,54.340912303861245,-112.5,12,0
77,0,54.340912303861245,-97.5,20,0
78,0,54.340912303861245,-82.5,15,0
79,0,54.340912303861245,-67.5,20,0
80,0,54.340912303861245,-52.50000000000006,19,0
81,0,54.340912303861245,-37.5,20,0
82,0,54.340912303861245,-22.5,14,0
83,0,54.340912303861245,-7.5,20,0
84,0,48.141207794360284,6.428571428571416,35,0
85,0,48.141207794360284,19.285714285714278,19,0
86,0,48.141207794360284,32.14285714285714,17,0
87,0,48.141207794360284,45.0,12,0
88,0,48.141207794360284,57.85714285714286,23,0
89,0,48.141207794360284,70.71428571428572,20,0
90,0,48.141207794360284,83.57142857142856,16,0
91,0,48.141207794360284,96.42857142857144,11,0
92,0,48.141207794360284,109.28571428571428,23,0
93,0,48.141207794360284,122.14285714285711,16,0
94,0,48.141207794360284,135.0,18,0
95,0,48.141207794360284,147.8571428571429,25,0
96,0,48.141207794360284,160.71428571428572,18,0
97,0,48.141207794360284,173.57142857142856,24,0
98,0,48.141207794360284,-173.57142857142856,23,0
99,0,48.141207794360284,-160.71428571428572,19,0
100,0,48.141207794360284,-147.8571428571429,26,0
101,0,48.141207794360284,-135.0,21,0
102,0,48.141207794360284,-122.14285714285711,17,0
103,0,48.141207794360284,-109.28571428571428,13,0
104,0,48.141207794360284,-96.42857142857144,22,0
105,0,48.141207794360284,-83.57142857142856,17,0
106,0,48.141207794360284,-70.71428571428572,15,0
107,0,48.141207794360284,-57.85714285714283,21,0
108,0,48.141207794360284,-45.0,18,0
109,0,48.141207794360284,-32.14285714285717,17,0
110,0,48.141207794360284,-19.28571428571422,19,0
111,0,48.141207794360284,-6.428571428571445,18,0
112,0,41.81031489577859,5.625,25,0
113,0,41.81031489577859,16.875,18,0
114,0,41.81031489577859,28.125,11,0
115,0,41.81031489577859,39.375,17,0
116,0,41.81031489577859,50.625,16,0
117,0,41.81031489577859,61.875,21,0
118,0,41.81031489577859,73.125,17,0
119,0,41.81031489577859,84.375,12,0
120,0,41.81031489577859,95.625,10,0
121,0,41.81031489577859,106.875,17,0
122,0,41.81031489577859,118.125,21,0
123,0,41.81031489577859,129.375,20,0
124,0,41.81031489577859,140.625,18,0
125,0,41.81031489577859,151.875,23,0
126,0,41.81031489577859,163.125,18,0
127,0,41.81031489577859,174.375,23,0
128,0,41.81031489577859,-174.375,20,0
129,0,41.81031489577859,-163.125,21,0
130,0,41.81031489577859,-151.875,24,0
131,0,41.81031489577859,-140.625,18,0
132,0,41.81031489577859,-129.37500000000006,18,0
133,0,41.81031489577859,-118.125,19,0
134,0,41.81031489577859,-106.875,12,0
135,0,41.81031489577859,-95.625,19,0
136,0,41.81031489577859,-84.375,15,0
137,0,41.81031489577859,-73.12500000000006,21,0
138,0,41.81031489577859,-61.875,23,0
139,0,41.81031489577859,-50.625,22,0
140,0,41.81031489577859,-39.375,20,0
141,0,41.81031489577859,-28.125,20,0
142,0,41.81031489577859,-16.875,18,0
143,0,41.81031489577859,-5.625,16,0
144,0,35.68533471265204,0.0,31,0
145,0,35.68533471265204,11.25,18,0
146,0,35.68533471265204,22.5,16,0
147,0,35.68533471265204,33.75,15,0
148,0,35.68533471265204,45.0,14,0
149,0,35.68533471265204,56.25,17,0
150,0,35.68533471265204,67.5,11,0
151,0,35.68533471265204,78.75,13,0
152,0,35.68533471265204,90.0,11,0
153,0,35.68533471265204,101.25,16,0
154,0,35.68533471265204,112.5,17,0
155,0,35.68533471265204,123.75,18,0
156,0,35.68533471265204,135.0,19,0
157,0,35.68533471265204,146.25,16,0
158,0,35.68533471265204,157.5,17,0
159,0,35.68533471265204,168.75,26,0
160,0,35.68533471265204,-180.0,20,1
161,0,35.68533471265204,-168.75,19,0
162,0,35.68533471265204,-157.5,27,0
163,0,35.68533471265204,-146.25,19,0
164,0,35.68533471265204,-135.0,17,0
165,0,35.68533471265204,-123.75,25,0
166,0,35.68533471265204,-112.5,15,0
167,0,35.68533471265204,-101.25,9,0
168,0,35.68533471265204,-90.0,23,0
169,0,35.68533471265204,-78.75000000000006,21,0
170,0,35.68533471265204,-67.5,20,0
171,0,35.68533471265204,-56.25,17,0
172,0,35.68533471265204,-45.0,18,0
173,0,35.68533471265204,-33.75000000000006,25,0
174,0,35.68533471265204,-22.5,12,0
175,0,35.68533471265204,-11.25,15,0
176,0,30.000000000000007,5.625,18,0
177,0,30.000000000000007,16.875,16,0
178,0,30.000000000000007,28.125,12,0
179,0,30.000000000000007,39.375,15,0
180,0,30.000000000000007,50.625,22,0
181,0,30.000000000000007,61.875,18,0
182,0,30.000000000000007,73.125,14,0
183,0,30.000000000000007,84.375,21,0
184,0,30.000000000000007,95.625,16,0
185,0,30.000000000000007,106.875,15,0
186,0,30.000000000000007,118.125,21,0
187,0,30.000000000000007,129.375,18,0
188,0,30.000000000000007,140.625,14,0
189,0,30.000000000000007,151.875,16,0
190,0,30.000000000000007,163.125,28,0
191,0,30.000000000000007,174.375,17,1
192,0,30.000000000000007,-174.375,24,0
193,0,30.000000000000007,-163.125,22,0
194,0,30.000000000000007,-151.875,22,0
195,0,30.000000000000007,-140.625,24,0
196,0,30.000000000000007,-129.37500000000006,13,0
197,0,30.000000000000007,-118.125,20,0
198,0,30.000000000000007,-106.875,20,0
199,0,30.000000000000007,-95.625,25,0
200,0,30.000000000000007,-84.375,22,0
201,0,30.000000000000007,-73.12500000000006,19,0
202,0,30.000000000000007,-61.875,13,0
203,0,30.000000000000007,-50.625,23,0
204,0,30.000000000000007,-39.375,17,0
205,0,30.000000000000007,-28.125,15,0
206,0,30.000000000000007,-16.875,15,0
207,0,30.000000000000007,-5.625,16,0
208,0,24.62431835216408,0.0,19,0
209,0,24.62431835216408,11.25,15,0
210,0,24.62431835216408,22.5,15,0
211,0,24.62431835216408,33.75,21,0
212,0,24.62431835216408,45.0,22,0
213,0,24.62431835216408,56.25,24,0
214,0,24.62431835216408,67.5,11,0
215,0,24.62431835216408,78.75,23,0
216,0,24.62431835216408,90.0,22,0
217,0,24.62431835216408,101.25,16,0
218,0,24.62431835216408,112.5,19,0
219,0,24.62431835216408,123.75,15,0
220,0,24.62431835216408,135.0,18,0
221,0,24.62431835216408,146.25,13,0
222,0,24.62431835216408,157.5,20,0
223,0,24.62431835216408,168.75,26,0
224,0,24.62431835216408,-180.0,24,0
225,0,24.62431835216408,-168.75,14,0
226,0,24.62431835216408,-157.5,14,0
227,0,24.62431835216408,-146.25,17,0
228,0,24.62431835216408,-135.0,20,0
229,0,24.62431835216408,-123.75,12,0
230,0,24.62431835216408,-112.5,28,0
231,0,24.62431835216408,-101.25,23,0
232,0,24.62431835216408,-90.0,20,0
233,0,24.62431835216408,-78.75000000000006,20,0
234,0,24.62431835216408,-67.5,24,0
235,0,24.62431835216408,-56.25,23,0
236,0,24.62431835216408,-45.0,15,0
237,0,24.62431835216408,-33.75000000000006,10,0
238,0,24.62431835216408,-22.5,20,0
239,0,24.62431835216408,-11.25,16,0
240,0,19.47122063449069,5.625,21,0
241,0,19.47122063449069,16.875,19,0
242,0,19.47122063449069,28.125,23,0
243,0,19.47122063449069,39.375,23,0
244,0,19.47122063449069,50.625,14,0
245,0,19.47122063449069,61.875,20,0
246,0,19.47122063449069,73.125,12,0
247,0,19.47122063449069,84.375,21,0
248,0,19.47122063449069,95.625,22,0
249,0,19.47122063449069,106.875,21,0
250,0,19.47122063449069,118.125,18,0
251,0,19.47122063449069,129.375,13,0
252,0,19.47122063449069,140.625,14,0
253,0,19.47122063449069,151.875,18,0
254,0,19.47122063449069,163.125,18,0
255,0,19.47122063449069,174.375,19,0
256,0,19.47122063449069,-174.375,19,0
257,0,19.47122063449069,-163.125,14,0
258,0,19.47122063449069,-151.875,15,0
259,0,19.47122063449069,-140.625,18,0
260,0,19.47122063449069,-129.37500000000006,17,0
261,0,19.47122063449069,-118.125,24,0
262,0,19.47122063449069,-106.875,17,0
263,0,19.47122063449069,-95.625,20,0
264,0,19.47122063449069,-84.375,19,0
265,0,19.47122063449069,-73.12500000000006,20,1
266,0,19.47122063449069,-61.875,18,0
267,0,19.47122063449069,-50.625,11,0
268,0,19.47122063449069,-39.375,9,0
269,0,19.47122063449069,-28.125,16,0
270,0,19.47122063449069,-16.875,21,0
271,0,19.47122063449069,-5.625,25,0
272,0,14.477512185929925,0.0,25,0
273,0,14.477512185929925,11.25,26,0
274,0,14.477512185929925,22.5,16,0
275,0,14.477512185929925,33.75,14,0
276,0,14.477512185929925,45.0,21,0
277,0,14.477512185929925,56.25,13,0
278,0,14.477512185929925,67.5,20,0
279,0,14.477512185929925,78.75,13,0
280,0,14.477512185929925,90.0,19,0
281,0,14.477512185929925,101.25,21,0
282,0,14.477512185929925,112.5,19,0
283,0,14.477512185929925,123.75,20,0
284,0,14.477512185929925,135.0,9,0
285,0,14.477512185929925,146.25,11,0
286,0,14.477512185929925,157.5,24,0
287,0,14.477512185929925,168.75,24,0
288,0,14.477512185929925,-180.0,17,0
289,0,14.477512185929925,-168.75,10,0
290,0,14.477512185929925,-157.5,15,0
291,0,14.477512185929925,-146.25,15,0
292,0,14.477512185929925,-135.0,22,0
293,0,14.477512185929925,-123.75,22,0
294,0,14.477512185929925,-112.5,16,0
295,0,14.477512185929925,-101.25,20,0
296,0,14.477512185929925,-90.0,19,0
297,0,14.477512185929925,-78.75000000000006,23,0
298,0,14.477512185929925,-67.5,17,1
299,0,14.477512185929925,-56.25,13,0
300,0,14.477512185929925,-45.0,12,0
301,0,14.477512185929925,-33.75000000000006,17,0
302,0,14.477512185929925,-22.5,20,0
303,0,14.477512185929925,-11.25,14,0
304,0,9.594068226860458,5.625,21,0
305,0,9.594068226860458,16.875,23,1
306,0,9.594068226860458,28.125,14,0
307,0,9.594068226860458,39.375,27,0
308,0,9.594068226860458,50.625,28,0
309,0,9.594068226860458,61.875,12,0
310,0,9.594068226860458,73.125,15,0
311,0,9.594068226860458,84.375,16,0
312,0,9.594068226860458,95.625,15,0
313,0,9.594068226860458,106.875,15,0
314,0,9.594068226860458,118.125,23,1
315,0,9.594068226860458,129.375,19,0
316,0,9.594068226860458,140.625,11,0
317,0,9.594068226860458,151.875,14,0
318,0,9.594068226860458,163.125,23,1
319,0,9.594068226860458,174.375,17,0
320,0,9.594068226860458,-174.375,7,0
321,0,9.594068226860458,-163.125,21,0
322,0,9.594068226860458,-151.875,10,0
323,0,9.594068226860458,-140.625,17,0
324,0,9.594068226860458,-129.37500000000006,14,0
325,0,9.594068226860458,-118.125,15,0
326,0,9.594068226860458,-106.875,13,0
327,0,9.594068226860458,-95.625,24,0
328,0,9.594068226860458,-84.375,15,0
329,0,9.594068226860458,-73.12500000000006,28,0
330,0,9.594068226860458,-61.875,20,0
331,0,9.594068226860458,-50.625,18,0
332,0,9.594068226860458,-39.375,15,0
333,0,9.594068226860458,-28.125,15,0
334,0,9.594068226860458,-16.875,19,0
335,0,9.594068226860458,-5.625,18,1
336,0,4.780191847199163,0.0,23,2
337,0,4.780191847199163,11.25,18,0
338,0,4.780191847199163,22.5,19,2
339,0,4.780191847199163,33.75,30,1
340,0,4.780191847199163,45.0,22,1
341,0,4.780191847199163,56.25,17,0
342,0,4.780191847199163,67.5,12,3
343,0,4.780191847199163,78.75,22,3
344,0,4.780191847199163,90.0,20,0
345,0,4.780191847199163,101.25,15,1
346,0,4.780191847199163,112.5,20,1
347,0,4.780191847199163,123.75,19,3
348,0,4.780191847199163,135.0,19,5
349,0,4.780191847199163,146.25,14,2
350,0,4.780191847199163,157.5,19,2
351,0,4.780191847199163,168.75,16,4
352,0,4.780191847199163,-180.0,13,5
353,0,4.780191847199163,-168.75,22,1
354,0,4.780191847199163,-157.5,15,1
355,0,4.780191847199163,-146.25,18,3
356,0,4.780191847199163,-135.0,22,1
357,0,4.780191847199163,-123.75,17,3
358,0,4.780191847199163,-112.5,13,2
359,0,4.780191847199163,-101.25,16,3
360,0,4.780191847199163,-90.0,25,5
361,0,4.780191847199163,-78.75000000000006,24,0
362,0,4.780191847199163,-67.5,16,1
363,0,4.780191847199163,-56.25,25,1
364,0,4.780191847199163,-45.0,23,3
365,0,4.780191847199163,-33.75000000000006,22,2
366,0,4.780191847199163,-22.5,11,1
367,0,4.780191847199163,-11.25,18,2
368,0,0.0,5.625,20,2
369,0,0.0,16.875,14,2
370,0,0.0,28.125,23,3
371,0,0.0,39.375,18,7
372,0,0.0,50.625,11,1
373,0,0.0,61.875,17,4
374,0,0.0,73.125,19,1
375,0,0.0,84.375,21,3
376,0,0.0,95.625,14,3
377,0,0.0,106.875,22,1
378,0,0.0,118.125,16,7
379,0,0.0,129.375,17,3
380,0,0.0,140.625,14,8
381,0,0.0,151.875,25,5
382,0,0.0,163.125,16,1
383,0,0.0,174.375,16,8
384,0,0.0,-174.375,20,4
385,0,0.0,-163.125,12,4
386,0,0.0,-151.875,20,3
387,0,0.0,-140.625,17,3
388,0,0.0,-129.37500000000006,23,4
389,0,0.0,-118.125,19,2
390,0,0.0,-106.875,18,2
391,0,0.0,-95.625,33,7
392,0,0.0,-84.375,27,7
393,0,0.0,-73.12500000000006,23,1
394,0,0.0,-61.875,18,2
395,0,0.0,-50.625,13,3
396,0,0.0,-39.375,24,4
397,0,0.0,-28.125,16,2
398,0,0.0,-16.875,15,5
399,0,0.0,-5.625,30,4
400,0,-4.780191847199163,0.0,14,1
401,0,-4.780191847199163,11.25,14,0
402,0,-4.780191847199163,22.5,14,1
403,0,-4.780191847199163,33.75,15,3
404,0,-4.780191847199163,45.0,14,3
405,0,-4.780191847199163,56.25,21,1
406,0,-4.780191847199163,67.5,13,0
407,0,-4.780191847199163,78.75,19,1
408,0,-4.780191847199163,90.0,19,4
409,0,-4.780191847199163,101.25,21,0
410,0,-4.780191847199163,112.5,16,3
411,0,-4.780191847199163,123.75,16,2
412,0,-4.780191847199163,135.0,19,3
413,0,-4.780191847199163,146.25,19,3
414,0,-4.780191847199163,157.5,17,2
415,0,-4.780191847199163,168.75,21,2
416,0,-4.780191847199163,-180.0,17,3
417,0,-4.780191847199163,-168.75,14,2
418,0,-4.780191847199163,-157.5,19,2
419,0,-4.780191847199163,-146.25,20,4
420,0,-4.780191847199163,-135.0,22,2
421,0,-4.780191847199163,-123.75,9,3
422,0,-4.780191847199163,-112.5,22,0
423,0,-4.780191847199163,-101.25,24,2
424,0,-4.780191847199163,-90.0,23,4
425,0,-4.780191847199163,-78.75000000000006,24,1
426,0,-4.780191847199163,-67.5,22,2
427,0,-4.780191847199163,-56.25,20,0
428,0,-4.780191847199163,-45.0,17,1
429,0,-4.780191847199163,-33.75000000000006,20,1
430,0,-4.780191847199163,-22.5,19,2
431,0,-4.780191847199163,-11.25,20,3
432,0,-9.594068226860458,5.625,15,0
433,0,-9.594068226860458,16.875,19,0
434,0,-9.594068226860458,28.125,8,0
435,0,-9.594068226860458,39.375,18,0
436,0,-9.594068226860458,50.625,25,0
437,0,-9.594068226860458,61.875,14,0
438,0,-9.594068226860458,73.125,19,0
439,0,-9.594068226860458,84.375,18,0
440,0,-9.594068226860458,95.625,17,1
441,0,-9.594068226860458,106.875,15,0
442,0,-9.594068226860458,118.125,19,0
443,0,-9.594068226860458,129.375,25,0
444,0,-9.594068226860458,140.625,11,0
445,0,-9.594068226860458,151.875,15,0
446,0,-9.594068226860458,163.125,15,0
447,0,-9.594068226860458,174.375,16,0
448,0,-9.594068226860458,-174.375,16,0
449,0,-9.594068226860458,-163.125,19,0
450,0,-9.594068226860458,-151.875,17,1
451,0,-9.594068226860458,-140.625,25,0
452,0,-9.594068226860458,-129.37500000000006,23,0
453,0,-9.594068226860458,-118.125,15,0
454,0,-9.594068226860458,-106.875,15,0
455,0,-9.594068226860458,-95.625,18,0
456,0,-9.594068226860458,-84.375,18,0
457,0,-9.594068226860458,-73.12500000000006,18,0
458,0,-9.594068226860458,-61.875,17,0
459,0,-9.594068226860458,-50.625,17,0
460,0,-9.594068226860458,-39.375,27,0
461,0,-9.594068226860458,-28.125,18,0
462,0,-9.594068226860458,-16.875,13,0
463,0,-9.594068226860458,-5.625,18,0
464,0,-14.477512185929925,0.0,22,0
465,0,-14.477512185929925,11.25,21,0
466,0,-14.477512185929925,22.5,19,0
467,0,-14.477512185929925,33.75,16,0
468,0,-14.477512185929925,45.0,20,0
469,0,-14.477512185929925,56.25,21,0
470,0,-14.477512185929925,67.5,23,0
471,0,-14.477512185929925,78.75,19,0
472,0,-14.477512185929925,90.0,27,0
473,0,-14.477512185929925,101.25,23,0
474,0,-14.477512185929925,112.5,17,0
475,0,-14.477512185929925,123.75,19,0
476,0,-14.477512185929925,135.0,22,0
477,0,-14.477512185929925,146.25,16,0
478,0,-14.477512185929925,157.5,16,0
479,0,-14.477512185929925,168.75,12,0
480,0,-14.477512185929925,-180.0,18,0
481,0,-14.477512185929925,-168.75,28,0
482,0,-14.477512185929925,-157.5,15,0
483,0,-14.477512185929925,-146.25,22,1
484,0,-14.477512185929925,-135.0,24,0
485,0,-14.477512185929925,-123.75,16,0
486,0,-14.477512185929925,-112.5,14,0
487,0,-14.477512185929925,-101.25,21,0
488,0,-14.477512185929925,-90.0,15,0
489,0,-14.477512185929925,-78.75000000000006,20,0
490,0,-14.477512185929925,-67.5,16,0
491,0,-14.477512185929925,-56.25,14,0
492,0,-14.477512185929925,-45.0,25,0
493,0,-14.477512185929925,-33.75000000000006,16,0
494,0,-14.477512185929925,-22.5,19,0
495,0,-14.477512185929925,-11.25,15,0
496,0,-19.47122063449069,5.625,20,0
497,0,-19.47122063449069,16.875,16,0
498,0,-19.47122063449069,28.125,17,0
499,0,-19.47122063449069,39.375,21,0
500,0,-19.47122063449069,50.625,23,0
501,0,-19.47122063449069,61.875,11,0
502,0,-19.47122063449069,73.125,22,0
503,0,-19.47122063449069,84.375,26,0
504,0,-19.47122063449069,95.625,30,0
505,0,-19.47122063449069,106.875,16,0
506,0,-19.47122063449069,118.125,13,0
507,0,-19.47122063449069,129.375,21,0
508,0,-19.47122063449069,140.625,24,0
509,0,-19.47122063449069,151.875,15,0
510,0,-19.47122063449069,163.125,12,0
511,0,-19.47122063449069,174.375,16,0
512,0,-19.47122063449069,-174.375,28,0
513,0,-19.47122063449069,-163.125,13,0
514,0,-19.47122063449069,-151.875,18,0
515,0,-19.47122063449069,-140.625,20,0
516,0,-19.47122063449069,-129.37500000000006,18,0
517,0,-19.47122063449069,-118.125,14,0
518,0,-19.47122063449069,-106.875,26,0
519,0,-19.47122063449069,-95.625,14,0
520,0,-19.47122063449069,-84.375,15,0
521,0,-19.47122063449069,-73.12500000000006,20,0
522,0,-19.47122063449069,-61.875,14,0
523,0,-19.47122063449069,-50.625,19,0
524,0,-19.47122063449069,-39.375,24,0
525,0,-19.47122063449069,-28.125,20,0
526,0,-19.47122063449069,-16.875,16,0
527,0,-19.47122063449069,-5.625,16,0
528,0,-24.62431835216408,0.0,17,0
529,0,-24.62431835216408,11.25,25,0
530,0,-24.62431835216408,22.5,15,0
531,0,-24.62431835216408,33.75,18,0
532,0,-24.62431835216408,45.0,22,0
533,0,-24.62431835216408,56.25,23,0
534,0,-24.62431835216408,67.5,16,0
535,0,-24.62431835216408,78.75,17,0
536,0,-24.62431835216408,90.0,12,0
537,0,-24.62431835216408,101.25,22,0
538,0,-24.62431835216408,112.5,16,0
539,0,-24.62431835216408,123.75,19,0
540,0,-24.62431835216408,135.0,18,0
541,0,-24.62431835216408,146.25,19,0
542,0,-24.62431835216408,157.5,18,0
543,0,-24.62431835216408,168.75,21,0
544,0,-24.62431835216408,-180.0,19,0
545,0,-24.62431835216408,-168.75,13,0
546,0,-24.62431835216408,-157.5,16,0
547,0,-24.62431835216408,-146.25,16,0
548,0,-24.62431835216408,-135.0,19,0
549,0,-24.62431835216408,-123.75,11,0
550,0,-24.62431835216408,-112.5,14,0
551,0,-24.62431835216408,-101.25,19,0
552,0,-24.62431835216408,-90.0,17,0
553,0,-24.62431835216408,-78.75000000000006,18,0
554,0,-24.62431835216408,-67.5,15,0
555,0,-24.62431835216408,-56.25,22,0
556,0,-24.62431835216408,-45.0,20,0
557,0,-24.62431835216408,-33.75000000000006,15,0
558,0,-24.62431835216408,-22.5,11,0
559,0,-24.62431835216408,-11.25,19,0
560,0,-30.000000000000014,5.625,23,0
561,0,-30.000000000000014,16.875,18,0
562,0,-30.000000000000014,28.125,19,0
563,0,-30.000000000000014,39.375,21,0
564,0,-30.000000000000014,50.625,18,0
565,0,-30.000000000000014,61.875,14,0
566,0,-30.000000000000014,73.125,11,0
567,0,-30.000000000000014,84.375,12,0
568,0,-30.000000000000014,95.625,11,0
569,0,-30.000000000000014,106.875,17,0
570,0,-30.000000000000014,118.125,25,0
571,0,-30.000000000000014,129.375,19,0
572,0,-30.000000000000014,140.625,20,0
573,0,-30.000000000000014,151.875,21,0
574,0,-30.000000000000014,163.125,22,0
575,0,-30.000000000000014,174.375,18,0
576,0,-30.000000000000014,-174.375,10,0
577,0,-30.000000000000014,-163.125,17,0
578,0,-30.000000000000014,-151.875,21,0
579,0,-30.000000000000014,-140.625,18,0
580,0,-30.000000000000014,-129.37500000000006,17,0
581,0,-30.000000000000014,-118.125,20,0
582,0,-30.000000000000014,-106.875,16,0
583,0,-30.000000000000014,-95.625,9,0
584,0,-30.000000000000014,-84.375,23,0
585,0,-30.000000000000014,-73.12500000000006,13,0
586,0,-30.000000000000014,-61.875,21,0
587,0,-30.000000000000014,-50.625,10,0
588,0,-30.000000000000014,-39.375,17,0
589,0,-30.000000000000014,-28.125,16,0
590,0,-30.000000000000014,-16.875,12,0
591,0,-30.000000000000014,-5.625,17,0
592,0,-35.68533471265205,0.0,22,0
593,0,-35.68533471265205,11.25,15,0
594,0,-35.68533471265205,22.5,18,0
595,0,-35.68533471265205,33.75,18,0
596,0,-35.68533471265205,45.0,21,0
597,0,-35.68533471265205,56.25,18,0
598,0,-35.68533471265205,67.5,15,0
599,0,-35.68533471265205,78.75,12,0
600,0,-35.68533471265205,90.0,21,0
601,0,-35.68533471265205,101.25,17,0
602,0,-35.68533471265205,112.5,16,0
603,0,-35.68533471265205,123.75,20,0
604,0,-35.68533471265205,135.0,17,0
605,0,-35.68533471265205,146.25,20,0
606,0,-35.68533471265205,157.5,34,0
607,0,-35.68533471265205,168.75,15,0
608,0,-35.68533471265205,-180.0,13,0
609,0,-35.68533471265205,-168.75,19,0
610,0,-35.68533471265205,-157.5,18,0
611,0,-35.68533471265205,-146.25,24,0
612,0,-35.68533471265205,-135.0,22,0
613,0,-35.68533471265205,-123.75,20,0
614,0,-35.68533471265205,-112.5,24,0
615,0,-35.68533471265205,-101.25,20,0
616,0,-35.68533471265205,-90.0,16,0
617,0,-35.68533471265205,-78.75000000000006,10,0
618,0,-35.68533471265205,-67.5,14,0
619,0,-35.68533471265205,-56.25,16,0
620,0,-35.68533471265205,-45.0,12,0
621,0,-35.68533471265205,-33.75000000000006,24,0
622,0,-35.68533471265205,-22.5,18,0
623,0,-35.68533471265205,-11.25,13,0
624,0,-41.81031489577862,5.625,15,0
625,0,-41.81031489577862,16.875,17,0
626,0,-41.81031489577862,28.125,16,0
627,0,-41.81031489577862,39.375,22,0
628,0,-41.81031489577862,50.625,24,0
629,0,-41.81031489577862,61.875,20,0
630,0,-41.81031489577862,73.125,21,0
631,0,-41.81031489577862,84.375,32,0
632,0,-41.81031489577862,95.625,22,0
633,0,-41.81031489577862,106.875,20,0
634,0,-41.81031489577862,118.125,18,0
635,0,-41.81031489577862,129.375,13,0
636,0,-41.81031489577862,140.625,17,0
637,0,-41.81031489577862,151.875,18,0
638,0,-41.81031489577862,163.125,13,0
639,0,-41.81031489577862,174.375,15,0
640,0,-41.81031489577862,-174.375,19,0
641,0,-41.81031489577862,-163.125,25,0
642,0,-41.81031489577862,-151.875,14,0
643,0,-41.81031489577862,-140.625,16,0
644,0,-41.81031489577862,-129.37500000000006,24,0
645,0,-41.81031489577862,-118.125,21,0
646,0,-41.81031489577862,-106.875,25,0
647,0,-41.81031489577862,-95.625,19,0
648,0,-41.81031489577862,-84.375,15,0
649,0,-41.81031489577862,-73.12500000000006,13,0
650,0,-41.81031489577862,-61.875,22,0
651,0,-41.81031489577862,-50.625,23,0
652,0,-41.81031489577862,-39.375,27,0
653,0,-41.81031489577862,-28.125,31,0
654,0,-41.81031489577862,-16.875,25,0
655,0,-41.81031489577862,-5.625,13,0
656,0,-48.1412077943603,6.428571428571416,15,0
657,0,-48.1412077943603,19.285714285714278,14,0
658,0,-48.1412077943603,32.14285714285714,22,0
659,0,-48.1412077943603,45.0,28,0
660,0,-48.1412077943603,57.85714285714286,20,0
661,0,-48.1412077943603,70.71428571428572,21,0
662,0,-48.1412077943603,83.57142857142856,27,0
663,0,-48.1412077943603,96.42857142857144,21,0
664,0,-48.1412077943603,109.28571428571428,24,0
665,0,-48.1412077943603,122.14285714285711,12,0
666,0,-48.1412077943603,135.0,9,0
667,0,-48.1412077943603,147.8571428571429,13,0
668,0,-48.1412077943603,160.71428571428572,22,0
669,0,-48.1412077943603,173.57142857142856,19,0
670,0,-48.1412077943603,-173.57142857142856,24,0
671,0,-48.1412077943603,-160.71428571428572,20,0
672,0,-48.1412077943603,-147.8571428571429,19,0
673,0,-48.1412077943603,-135.0,22,0
674,0,-48.1412077943603,-122.14285714285711,20,0
675,0,-48.1412077943603,-109.28571428571428,21,0
676,0,-48.1412077943603,-96.42857142857144,13,0
677,0,-48.1412077943603,-83.57142857142856,9,0
678,0,-48.1412077943603,-70.71428571428572,20,0
679,0,-48.1412077943603,-57.85714285714283,22,0
680,0,-48.1412077943603,-45.0,17,0
681,0,-48.1412077943603,-32.14285714285717,23,0
682,0,-48.1412077943603,-19.28571428571422,24,0
683,0,-48.1412077943603,-6.428571428571445,11,0
684,0,-54.340912303861245,7.5,15,0
685,0,-54.340912303861245,22.5,20,0
686,0,-54.340912303861245,37.5,26,0
687,0,-54.340912303861245,52.5,28,0
688,0,-54.340912303861245,67.5,16,0
689,0,-54.340912303861245,82.5,19,0
690,0,-54.340912303861245,97.5,28,0
691,0,-54.340912303861245,112.5,24,0
692,0,-54.340912303861245,127.5,17,0
693,0,-54.340912303861245,142.5,21,0
694,0,-54.340912303861245,157.5,20,0
695,0,-54.340912303861245,172.5,21,0
696,0,-54.340912303861245,-172.5,15,0
697,0,-54.340912303861245,-157.5,16,0
698,0,-54.340912303861245,-142.5,17,0
699,0,-54.340912303861245,-127.5,23,0
700,0,-54.340912303861245,-112.5,23,0
701,0,-54.340912303861245,-97.5,23,0
702,0,-54.340912303861245,-82.5,20,0
703,0,-54.340912303861245,-67.5,16,0
704,0,-54.340912303861245,-52.50000000000006,14,0
705,0,-54.340912303861245,-37.5,17,0
706,0,-54.340912303861245,-22.5,21,0
707,0,-54.340912303861245,-7.5,17,0
708,0,-60.4344388449523,9.0,16,0
709,0,-60.4344388449523,27.0,13,0
710,0,-60.4344388449523,45.0,24,0
711,0,-60.4344388449523,63.0,22,0
712,0,-60.4344388449523,81.0,13,0
713,0,-60.4344388449523,99.0,25,0
714,0,-60.4344388449523,117.0,18,0
715,0,-60.4344388449523,135.0,19,0
716,0,-60.4344388449523,153.0,20,0
717,0,-60.4344388449523,171.0,14,0
718,0,-60.4344388449523,-171.0,18,0
719,0,-60.4344388449523,-153.0,17,0
720,0,-60.4344388449523,-135.0,13,0
721,0,-60.4344388449523,-117.0,14,0
722,0,-60.4344388449523,-99.0,15,0
723,0,-60.4344388449523,-81.0,15,0
724,0,-60.4344388449523,-63.0,20,0
725,0,-60.4344388449523,-45.0,19,0
726,0,-60.4344388449523,-27.0,17,0
727,0,-60.4344388449523,-9.0,26,0
728,0,-66.44353569089876,11.25,19,0
729,0,-66.44353569089876,33.75,19,0
730,0,-66.44353569089876,56.25,25,0
731,0,-66.44353569089876,78.75,19,0
732,0,-66.44353569089876,101.25,20,0
733,0,-66.44353569089876,123.75,16,0
734,0,-66.44353569089876,146.25,23,0
735,0,-66.44353569089876,168.75,19,0
736,0,-66.44353569089876,-168.75,15,0
737,0,-66.44353569089876,-146.25,27,0
738,0,-66.44353569089876,-123.75,14,0
739,0,-66.44353569089876,-101.25,13,0
740,0,-66.44353569089876,-78.75,12,0
741,0,-66.44353569089876,-56.25,21,0
742,0,-66.44353569089876,-33.75,21,0
743,0,-66.44353569089876,-11.25,30,0
744,0,-72.38756092964962,15.0,18,0
745,0,-72.38756092964962,45.0,24,0
746,0,-72.38756092964962,75.0,20,0
747,0,-72.38756092964962,105.0,20,0
748,0,-72.38756092964962,135.0,15,0
749,0,-72.38756092964962,165.0,18,0
750,0,-72.38756092964962,-165.0,14,0
751,0,-72.38756092964962,-135.0,22,0
752,0,-72.38756092964962,-105.0,20,0
753,0,-72.38756092964962,-75.0,19,0
754,0,-72.38756092964962,-45.0,10,0
755,0,-72.38756092964962,-15.0,22,0
756,0,-78.28414760510762,22.5,19,0
757,0,-78.28414760510762,67.5,19,0
758,0,-78.28414760510762,112.5,16,0
759,0,-78.28414760510762,157.5,18,0
760,0,-78.28414760510762,-157.5,18,0
761,0,-78.28414760510762,-112.5,13,0
762,0,-78.28414760510762,-67.5,24,0
763,0,-78.28414760510762,-22.5,16,0
764,0,-84.14973293629666,45.0,18,0
765,0,-84.14973293629666,135.0,16,0
766,0,-84.14973293629666,-135.0,9,0
767,0,-84.14973293629666,-45.0,21,0
768,1,84.14973293629666,45.0,9,0
769,1,84.14973293629666,135.0,14,0
770,1,84.14973293629666,-135.0,17,0
771,1,84.14973293629666,-45.0,12,0
772,1,78.28414760510762,22.5,14,0
773,1,78.28414760510762,67.5,8,0
774,1,78.28414760510762,112.5,14,0
775,1,78.28414760510762,157.5,15,0
776,1,78.28414760510762,-157.5,14,0
777,1,78.28414760510762,-112.5,18,0
778,1,78.28414760510762,-67.5,10,0
779,1,78.28414760510762,-22.5,8,0
780,1,72.38756092964962,15.0,16,0
781,1,72.38756092964962,45.0,11,0
782,1,72.38756092964962,75.0,12,0
783,1,72.38756092964962,105.0,9,0
784,1,72.38756092964962,135.0,15,0
785,1,72.38756092964962,165.0,6,0
786,1,72.38756092964962,-165.0,9,0
787,1,72.38756092964962,-135.0,16,0
788,1,72.38756092964962,-105.0,13,0
789,1,72.38756092964962,-75.0,9,0
790,1,72.38756092964962,-45.0,12,0
791,1,72.38756092964962,-15.0,8,0
792,1,66.44353569089877,11.25,13,0
793,1,66.44353569089877,33.75,9,0
794,1,66.44353569089877,56.25,11,0
795,1,66.44353569089877,78.75,10,0
796,1,66.44353569089877,101.25,10,0
797,1,66.44353569089877,123.75,12,0
798,1,66.44353569089877,146.25,12,0
799,1,66.44353569089877,168.75,12,0
800,1,66.44353569089877,-168.75,6,0
801,1,66.44353569089877,-146.25,17,0
802,1,66.44353569089877,-123.75,14,0
803,1,66.44353569089877,-101.25,14,0
804,1,66.44353569089877,-78.75,20,0
805,1,66.44353569089877,-56.25,12,0
806,1,66.44353569089877,-33.75,12,0
807,1,66.44353569089877,-11.25,18,0
808,1,60.43443884495228,9.0,11,0
809,1,60.43443884495228,27.0,8,0
810,1,60.43443884495228,45.0,11,0
811,1,60.43443884495228,63.0,13,0
812,1,60.43443884495228,81.0,14,0
813,1,60.43443884495228,99.0,17,0
814,1,60.43443884495228,117.0,10,0
815,1,60.43443884495228,135.0,11,0
816,1,60.43443884495228,153.0,8,0
817,1,60.43443884495228,171.0,15,0
818,1,60.43443884495228,-171.0,14,0
819,1,60.43443884495228,-153.0,8,0
820,1,60.43443884495228,-135.0,18,0
821,1,60.43443884495228,-117.0,10,0
822,1,60.43443884495228,-99.0,15,0
823,1,60.43443884495228,-81.0,17,0
824,1,60.43443884495228,-63.0,17,0
825,1,60.43443884495228,-45.0,14,0
826,1,60.43443884495228,-27.0,18,0
827,1,60.43443884495228,-9.0,23,0
828,1,54.340912303861245,7.5,17,0
829,1,54.340912303861245,22.5,13,0
830,1,54.340912303861245,37.5,10,0
831,1,54.340912303861245,52.5,12,0
832,1,54.340912303861245,67.5,15,0
833,1,54.340912303861245,82.5,14,0
834,1,54.340912303861245,97.5,21,0
835,1,54.340912303861245,112.5,14,0
836,1,54.340912303861245,127.5,15,0
837,1,54.340912303861245,142.5,13,0
838,1,54.340912303861245,157.5,11,0
839,1,54.340912303861245,172.5,10,0
840,1,54.340912303861245,-172.5,12,0
841,1,54.340912303861245,-157.5,12,0
842,1,54.340912303861245,-142.5,8,0
843,1,54.340912303861245,-127.5,17,0
844,1,54.340912303861245,-112.5,10,0
845,1,54.340912303861245,-97.5,8,0
846,1,54.340912303861245,-82.5,17,0
847,1,54.340912303861245,-67.5,12,0
848,1,54.340912303861245,-52.50000000000006,14,0
849,1,54.340912303861245,-37.5,12,0
850,1,54.340912303861245,-22.5,17,0
851,1,54.340912303861245,-7.5,17,0
852,1,48.141207794360284,6.428571428571416,10,0
853,1,48.141207794360284,19.285714285714278,10,0
854,1,48.141207794360284,32.14285714285714,17,0
855,1,48.141207794360284,45.0,12,0
856,1,48.141207794360284,57.85714285714286,11,0
857,1,48.141207794360284,70.71428571428572,7,0
858,1,48.141207794360284,83.57142857142856,7,0
859,1,48.141207794360284,96.42857142857144,14,0
860,1,48.141207794360284,109.28571428571428,16,0
861,1,48.141207794360284,122.14285714285711,12,0
862,1,48.141207794360284,135.0,13,0
863,1,48.141207794360284,147.8571428571429,13,0
864,1,48.141207794360284,160.71428571428572,18,0
865,1,48.141207794360284,173.57142857142856,8,1
866,1,48.141207794360284,-173.57142857142856,12,0
867,1,48.141207794360284,-160.71428571428572,13,0
868,1,48.141207794360284,-147.8571428571429,7,0
869,1,48.141207794360284,-135.0,13,0
870,1,48.141207794360284,-122.14285714285711,10,0
871,1,48.141207794360284,-109.28571428571428,13,0
872,1,48.141207794360284,-96.42857142857144,12,0
873,1,48.141207794360284,-83.57142857142856,15,0
874,1,48.141207794360284,-70.71428571428572,11,0
875,1,48.141207794360284,-57.85714285714283,13,0
876,1,48.141207794360284,-45.0,18,0
877,1,48.141207794360284,-32.14285714285717,14,0
878,1,48.141207794360284,-19.28571428571422,14,0
879,1,48.141207794360284,-6.428571428571445,20,0
880,1,41.81031489577859,5.625,16,0
881,1,41.81031489577859,16.875,10,0
882,1,41.81031489577859,28.125,18,0
883,1,41.81031489577859,39.375,9,0
884,1,41.81031489577859,50.625,6,0
885,1,41.81031489577859,61.875,15,0
886,1,41.81031489577859,73.125,9,0
887,1,41.81031489577859,84.375,12,0
888,1,41.81031489577859,95.625,14,0
889,1,41.81031489577859,106.875,18,0
890,1,41.81031489577859,118.125,16,0
891,1,41.81031489577859,129.375,10,0
892,1,41.81031489577859,140.625,16,0
893,1,41.81031489577859,151.875,19,0
894,1,41.81031489577859,163.125,23,0
895,1,41.81031489577859,174.375,13,1
896,1,41.81031489577859,-174.375,14,0
897,1,41.81031489577859,-163.125,15,0
898,1,41.81031489577859,-151.875,11,0
899,1,41.81031489577859,-140.625,9,0
900,1,41.81031489577859,-129.37500000000006,13,0
901,1,41.81031489577859,-118.125,14,0
902,1,41.81031489577859,-106.875,18,0
903,1,41.81031489577859,-95.625,15,0
904,1,41.81031489577859,-84.375,4,0
905,1,41.81031489577859,-73.12500000000006,8,0
906,1,41.81031489577859,-61.875,11,0
907,1,41.81031489577859,-50.625,15,0
908,1,41.81031489577859,-39.375,17,0
909,1,41.81031489577859,-28.125,11,0
910,1,41.81031489577859,-16.875,15,0
911,1,41.81031489577859,-5.625,19,0
912,1,35.68533471265204,0.0,10,0
913,1,35.68533471265204,11.25,9,0
914,1,35.68533471265204,22.5,10,0
915,1,35.68533471265204,33.75,15,0
916,1,35.68533471265204,45.0,10,0
917,1,35.68533471265204,56.25,15,0
918,1,35.68533471265204,67.5,14,0
919,1,35.68533471265204,78.75,13,0
920,1,35.68533471265204,90.0,8,0
921,1,35.68533471265204,101.25,18,0
922,1,35.68533471265204,112.5,13,0
923,1,35.68533471265204,123.75,13,0
924,1,35.68533471265204,135.0,22,0
925,1,35.68533471265204,146.25,17,0
926,1,35.68533471265204,157.5,20,0
927,1,35.68533471265204,168.75,17,0
928,1,35.68533471265204,-180.0,12,0
929,1,35.68533471265204,-168.75,11,0
930,1,35.68533471265204,-157.5,18,0
931,1,35.68533471265204,-146.25,12,0
932,1,35.68533471265204,-135.0,9,0
933,1,35.68533471265204,-123.75,15,0
934,1,35.68533471265204,-112.5,12,0
935,1,35.68533471265204,-101.25,15,0
936,1,35.68533471265204,-90.0,13,0
937,1,35.68533471265204,-78.75000000000006,9,0
938,1,35.68533471265204,-67.5,7,0
939,1,35.68533471265204,-56.25,10,0
940,1,35.68533471265204,-45.0,14,0
941,1,35.68533471265204,-33.75000000000006,9,0
942,1,35.68533471265204,-22.5,22,0
943,1,35.68533471265204,-11.25,20,0
944,1,30.000000000000007,5.625,13,0
945,1,30.000000000000007,16.875,14,0
946,1,30.000000000000007,28.125,11,0
947,1,30.000000000000007,39.375,11,0
948,1,30.000000000000007,50.625,16,0
949,1,30.000000000000007,61.875,8,0
950,1,30.000000000000007,73.125,17,0
951,1,30.000000000000007,84.375,10,0
952,1,30.000000000000007,95.625,11,0
953,1,30.000000000000007,106.875,15,0
954,1,30.000000000000007,118.125,13,0
955,1,30.000000000000007,129.375,9,0
956,1,30.000000000000007,140.625,16,0
957,1,30.000000000000007,151.875,15,0
958,1,30.000000000000007,163.125,11,0
959,1,30.000000000000007,174.375,16,0
960,1,30.000000000000007,-174.375,14,0
961,1,30.000000000000007,-163.125,12,0
962,1,30.000000000000007,-151.875,15,0
963,1,30.000000000000007,-140.625,12,0
964,1,30.000000000000007,-129.37500000000006,14,0
965,1,30.000000000000007,-118.125,11,0
966,1,30.000000000000007,-106.875,15,0
967,1,30.000000000000007,-95.625,10,0
968,1,30.000000000000007,-84.375,11,0
969,1,30.000000000000007,-73.12500000000006,10,0
970,1,30.000000000000007,-61.875,13,0
971,1,30.000000000000007,-50.625,9,0
972,1,30.000000000000007,-39.375,18,0
973,1,30.000000000000007,-28.125,12,0
974,1,30.000000000000007,-16.875,12,0
975,1,30.000000000000007,-5.625,10,0
976,1,24.62431835216408,0.0,16,0
977,1,24.62431835216408,11.25,10,0
978,1,24.62431835216408,22.5,10,0
979,1,24.62431835216408,33.75,13,0
980,1,24.62431835216408,45.0,13,0
981,1,24.62431835216408,56.25,17,0
982,1,24.62431835216408,67.5,21,0
983,1,24.62431835216408,78.75,7,0
984,1,24.62431835216408,90.0,10,0
985,1,24.62431835216408,101.25,11,0
986,1,24.62431835216408,112.5,12,0
987,1,24.62431835216408,123.75,8,0
988,1,24.62431835216408,135.0,13,0
989,1,24.62431835216408,146.25,18,0
990,1,24.62431835216408,157.5,6,0
991,1,24.62431835216408,168.75,16,0
992,1,24.62431835216408,-180.0,16,0
993,1,24.62431835216408,-168.75,20,0
994,1,24.62431835216408,-157.5,12,0
995,1,24.62431835216408,-146.25,12,0
996,1,24.62431835216408,-135.0,9,0
997,1,24.62431835216408,-123.75,14,0
998,1,24.62431835216408,-112.5,12,0
999,1,24.62431835216408,-101.25,11,0
1000,1,24.62431835216408,-90.0,5,0
1001,1,24.62431835216408,-78.75000000000006,11,0
1002,1,24.62431835216408,-67.5,14,0
1003,1,24.62431835216408,-56.25,13,0
1004,1,24.62431835216408,-45.0,16,0
1005,1,24.62431835216408,-33.75000000000006,19,0
1006,1,24.62431835216408,-22.5,9,0
1007,1,24.62431835216408,-11.25,11,0
1008,1,19.47122063449069,5.625,10,0
1009,1,19.47122063449069,16.875,9,0
1010,1,19.47122063449069,28.125,12,0
1011,1,19.47122063449069,39.375,13,0
1012,1,19.47122063449069,50.625,16,0
1013,1,19.47122063449069,61.875,18,0
1014,1,19.47122063449069,73.125,14,0
1015,1,19.47122063449069,84.375,7,0
1016,1,19.47122063449069,95.625,18,0
1017,1,19.47122063449069,106.875,10,0
1018,1,19.47122063449069,118.125,10,0
1019,1,19.47122063449069,129.375,10,0
1020,1,19.47122063449069,140.625,17,0
1021,1,19.47122063449069,151.875,9,0
1022,1,19.47122063449069,163.125,10,0
1023,1,19.47122063449069,174.375,17,0
1024,1,19.47122063449069,-174.375,16,0
1025,1,19.47122063449069,-163.125,15,0
1026,1,19.47122063449069,-151.875,14,0
1027,1,19.47122063449069,-140.625,12,0
1028,1,19.47122063449069,-129.37500000000006,9,0
1029,1,19.47122063449069,-118.125,13,0
1030,1,19.47122063449069,-106.875,14,0
1031,1,19.47122063449069,-95.625,14,0
1032,1,19.47122063449069,-84.375,9,0
1033,1,19.47122063449069,-73.12500000000006,16,0
1034,1,19.47122063449069,-61.875,21,0
1035,1,19.47122063449069,-50.625,21,0
1036,1,19.47122063449069,-39.375,10,0
1037,1,19.47122063449069,-28.125,14,0
1038,1,19.47122063449069,-16.875,10,0
1039,1,19.47122063449069,-5.625,15,0
1040,1,14.477512185929925,0.0,12,0
1041,1,14.477512185929925,11.25,12,0
1042,1,14.477512185929925,22.5,11,0
1043,1,14.477512185929925,33.75,15,0
1044,1,14.477512185929925,45.0,19,0
1045,1,14.477512185929925,56.25,13,0
1046,1,14.477512185929925,67.5,8,0
1047,1,14.477512185929925,78.75,13,0
1048,1,14.477512185929925,90.0,13,0
1049,1,14.477512185929925,101.25,9,0
1050,1,14.477512185929925,112.5,10,0
1051,1,14.477512185929925,123.75,11,0
1052,1,14.477512185929925,135.0,17,0
1053,1,14.477512185929925,146.25,18,0
1054,1,14.477512185929925,157.5,8,1
1055,1,14.477512185929925,168.75,17,0
1056,1,14.477512185929925,-180.0,11,0
1057,1,14.477512185929925,-168.75,17,0
1058,1,14.477512185929925,-157.5,11,0
1059,1,14.477512185929925,-146.25,9,0
1060,1,14.477512185929925,-135.0,11,0
1061,1,14.477512185929925,-123.75,12,0
1062,1,14.477512185929925,-112.5,9,0
1063,1,14.477512185929925,-101.25,12,0
1064,1,14.477512185929925,-90.0,9,0
1065,1,14.477512185929925,-78.75000000000006,16,0
1066,1,14.477512185929925,-67.5,16,0
1067,1,14.477512185929925,-56.25,16,0
1068,1,14.477512185929925,-45.0,6,0
1069,1,14.477512185929925,-33.75000000000006,10,0
1070,1,14.477512185929925,-22.5,14,0
1071,1,14.477512185929925,-11.25,21,0
1072,1,9.594068226860458,5.625,20,0
1073,1,9.594068226860458,16.875,13,1
1074,1,9.594068226860458,28.125,11,0
1075,1,9.594068226860458,39.375,8,0
1076,1,9.594068226860458,50.625,11,0
1077,1,9.594068226860458,61.875,12,0
1078,1,9.594068226860458,73.125,10,0
1079,1,9.594068226860458,84.375,11,0
1080,1,9.594068226860458,95.625,16,0
1081,1,9.594068226860458,106.875,18,0
1082,1,9.594068226860458,118.125,8,0
1083,1,9.594068226860458,129.375,9,0
1084,1,9.594068226860458,140.625,25,0
1085,1,9.594068226860458,151.875,12,0
1086,1,9.594068226860458,163.125,21,1
1087,1,9.594068226860458,174.375,15,0
1088,1,9.594068226860458,-174.375,21,0
1089,1,9.594068226860458,-163.125,12,0
1090,1,9.594068226860458,-151.875,12,2
1091,1,9.594068226860458,-140.625,8,1
1092,1,9.594068226860458,-129.37500000000006,10,0
1093,1,9.594068226860458,-118.125,9,0
1094,1,9.594068226860458,-106.875,16,0
1095,1,9.594068226860458,-95.625,5,0
1096,1,9.594068226860458,-84.375,12,0
1097,1,9.594068226860458,-73.12500000000006,10,0
1098,1,9.594068226860458,-61.875,14,0
1099,1,9.594068226860458,-50.625,9,0
1100,1,9.594068226860458,-39.375,17,0
1101,1,9.594068226860458,-28.125,10,0
1102,1,9.594068226860458,-16.875,22,1
1103,1,9.594068226860458,-5.625,11,0
1104,1,4.780191847199163,0.0,16,3
1105,1,4.780191847199163,11.25,13,3
1106,1,4.780191847199163,22.5,13,3
1107,1,4.780191847199163,33.75,14,1
1108,1,4.780191847199163,45.0,17,2
1109,1,4.780191847199163,56.25,15,1
1110,1,4.780191847199163,67.5,9,0
1111,1,4.780191847199163,78.75,8,0
1112,1,4.780191847199163,90.0,10,2
1113,1,4.780191847199163,101.25,21,1
1114,1,4.780191847199163,112.5,12,0
1115,1,4.780191847199163,123.75,9,1
1116,1,4.780191847199163,135.0,13,2
1117,1,4.780191847199163,146.25,13,0
1118,1,4.780191847199163,157.5,15,1
1119,1,4.780191847199163,168.75,13,1
1120,1,4.780191847199163,-180.0,18,0
1121,1,4.780191847199163,-168.75,10,1
1122,1,4.780191847199163,-157.5,12,3
1123,1,4.780191847199163,-146.25,15,4
1124,1,4.780191847199163,-135.0,7,4
1125,1,4.780191847199163,-123.75,11,1
1126,1,4.780191847199163,-112.5,11,0
1127,1,4.780191847199163,-101.25,14,2
1128,1,4.780191847199163,-90.0,16,3
1129,1,4.780191847199163,-78.75000000000006,13,3
1130,1,4.780191847199163,-67.5,12,1
1131,1,4.780191847199163,-56.25,16,2
1132,1,4.780191847199163,-45.0,12,1
1133,1,4.780191847199163,-33.75000000000006,13,3
1134,1,4.780191847199163,-22.5,14,5
1135,1,4.780191847199163,-11.25,13,0
1136,1,0.0,5.625,13,3
1137,1,0.0,16.875,9,5
1138,1,0.0,28.125,12,3
1139,1,0.0,39.375,21,3
1140,1,0.0,50.625,10,4
1141,1,0.0,61.875,10,5
1142,1,0.0,73.125,8,3
1143,1,0.0,84.375,9,2
1144,1,0.0,95.625,13,2
1145,1,0.0,106.875,16,2
1146,1,0.0,118.125,13,2
1147,1,0.0,129.375,16,4
1148,1,0.0,140.625,11,3
1149,1,0.0,151.875,12,4
1150,1,0.0,163.125,9,2
1151,1,0.0,174.375,12,3
1152,1,0.0,-174.375,8,1
1153,1,0.0,-163.125,12,3
1154,1,0.0,-151.875,17,5
1155,1,0.0,-140.625,12,5
1156,1,0.0,-129.37500000000006,8,2
1157,1,0.0,-118.125,10,2
1158,1,0.0,-106.875,14,1
1159,1,0.0,-95.625,15,3
1160,1,0.0,-84.375,15,4
1161,1,0.0,-73.12500000000006,13,3
1162,1,0.0,-61.875,6,2
1163,1,0.0,-50.625,18,2
1164,1,0.0,-39.375,8,4
1165,1,0.0,-28.125,11,4
1166,1,0.0,-16.875,11,4
1167,1,0.0,-5.625,9,4
1168,1,-4.780191847199163,0.0,7,2
1169,1,-4.780191847199163,11.25,14,4
1170,1,-4.780191847199163,22.5,6,2
1171,1,-4.780191847199163,33.75,14,1
1172,1,-4.780191847199163,45.0,11,1
1173,1,-4.780191847199163,56.25,17,0
1174,1,-4.780191847199163,67.5,13,6
1175,1,-4.780191847199163,78.75,6,0
1176,1,-4.780191847199163,90.0,10,5
1177,1,-4.780191847199163,101.25,14,2
1178,1,-4.780191847199163,112.5,19,3
1179,1,-4.780191847199163,123.75,18,4
1180,1,-4.780191847199163,135.0,10,1
1181,1,-4.780191847199163,146.25,15,1
1182,1,-4.780191847199163,157.5,9,4
1183,1,-4.780191847199163,168.75,8,2
1184,1,-4.780191847199163,-180.0,9,0
1185,1,-4.780191847199163,-168.75,12,2
1186,1,-4.780191847199163,-157.5,17,0
1187,1,-4.780191847199163,-146.25,12,3
1188,1,-4.780191847199163,-135.0,4,1
1189,1,-4.780191847199163,-123.75,15,2
1190,1,-4.780191847199163,-112.5,9,0
1191,1,-4.780191847199163,-101.25,13,1
1192,1,-4.780191847199163,-90.0,6,5
1193,1,-4.780191847199163,-78.75000000000006,12,3
1194,1,-4.780191847199163,-67.5,19,0
1195,1,-4.780191847199163,-56.25,13,1
1196,1,-4.780191847199163,-45.0,8,2
1197,1,-4.780191847199163,-33.75000000000006,7,2
1198,1,-4.780191847199163,-22.5,13,3
1199,1,-4.780191847199163,-11.25,9,1
1200,1,-9.594068226860458,5.625,12,0
1201,1,-9.594068226860458,16.875,7,0
1202,1,-9.594068226860458,28.125,18,0
1203,1,-9.594068226860458,39.375,5,0
1204,1,-9.594068226860458,50.625,14,0
1205,1,-9.594068226860458,61.875,17,0
1206,1,-9.594068226860458,73.125,13,0
1207,1,-9.594068226860458,84.375,12,0
1208,1,-9.594068226860458,95.625,20,1
1209,1,-9.594068226860458,106.875,12,0
1210,1,-9.594068226860458,118.125,14,1
1211,1,-9.594068226860458,129.375,16,0
1212,1,-9.594068226860458,140.625,4,0
1213,1,-9.594068226860458,151.875,16,0
1214,1,-9.594068226860458,163.125,11,0
1215,1,-9.594068226860458,174.375,8,0
1216,1,-9.594068226860458,-174.375,14,0
1217,1,-9.594068226860458,-163.125,18,0
1218,1,-9.594068226860458,-151.875,12,0
1219,1,-9.594068226860458,-140.625,10,0
1220,1,-9.594068226860458,-129.37500000000006,18,0
1221,1,-9.594068226860458,-118.125,13,0
1222,1,-9.594068226860458,-106.875,17,1
1223,1,-9.594068226860458,-95.625,10,1
1224,1,-9.594068226860458,-84.375,13,1
1225,1,-9.594068226860458,-73.12500000000006,9,0
1226,1,-9.594068226860458,-61.875,17,0
1227,1,-9.594068226860458,-50.625,7,0
1228,1,-9.594068226860458,-39.375,12,0
1229,1,-9.594068226860458,-28.125,16,0
1230,1,-9.594068226860458,-16.875,9,0
1231,1,-9.594068226860458,-5.625,9,0
1232,1,-14.477512185929925,0.0,4,0
1233,1,-14.477512185929925,11.25,9,0
1234,1,-14.477512185929925,22.5,16,0
1235,1,-14.477512185929925,33.75,14,0
1236,1,-14.477512185929925,45.0,5,0
1237,1,-14.477512185929925,56.25,11,0
1238,1,-14.477512185929925,67.5,12,0
1239,1,-14.477512185929925,78.75,15,0
1240,1,-14.477512185929925,90.0,11,0
1241,1,-14.477512185929925,101.25,12,0
1242,1,-14.477512185929925,112.5,14,0
1243,1,-14.477512185929925,123.75,12,0
1244,1,-14.477512185929925,135.0,6,0
1245,1,-14.477512185929925,146.25,7,0
1246,1,-14.477512185929925,157.5,12,0
1247,1,-14.477512185929925,168.75,9,0
1248,1,-14.477512185929925,-180.0,18,0
1249,1,-14.477512185929925,-168.75,19,0
1250,1,-14.477512185929925,-157.5,10,0
1251,1,-14.477512185929925,-146.25,16,0
1252,1,-14.477512185929925,-135.0,12,0
1253,1,-14.477512185929925,-123.75,13,0
1254,1,-14.477512185929925,-112.5,13,0
1255,1,-14.477512185929925,-101.25,10,0
1256,1,-14.477512185929925,-90.0,11,0
1257,1,-14.477512185929925,-78.75000000000006,14,0
1258,1,-14.477512185929925,-67.5,9,0
1259,1,-14.477512185929925,-56.25,12,0
1260,1,-14.477512185929925,-45.0,10,0
1261,1,-14.477512185929925,-33.75000000000006,10,0
1262,1,-14.477512185929925,-22.5,11,0
1263,1,-14.477512185929925,-11.25,14,0
1264,1,-19.47122063449069,5.625,10,0
1265,1,-19.47122063449069,16.875,13,0
1266,1,-19.47122063449069,28.125,9,0
1267,1,-19.47122063449069,39.375,9,0
1268,1,-19.47122063449069,50.625,8,0
1269,1,-19.47122063449069,61.875,13,0
1270,1,-19.47122063449069,73.125,8,0
1271,1,-19.47122063449069,84.375,6,0
1272,1,-19.47122063449069,95.625,15,0
1273,1,-19.47122063449069,106.875,11,0
1274,1,-19.47122063449069,118.125,11,0
1275,1,-19.47122063449069,129.375,12,0
1276,1,-19.47122063449069,140.625,6,0
1277,1,-19.47122063449069,151.875,10,0
1278,1,-19.47122063449069,163.125,15,0
1279,1,-19.47122063449069,174.375,15,0
1280,1,-19.47122063449069,-174.375,18,0
1281,1,-19.47122063449069,-163.125,7,0
1282,1,-19.47122063449069,-151.875,10,0
1283,1,-19.47122063449069,-140.625,15,0
1284,1,-19.47122063449069,-129.37500000000006,10,0
1285,1,-19.47122063449069,-118.125,10,0
1286,1,-19.47122063449069,-106.875,16,0
1287,1,-19.47122063449069,-95.625,12,0
1288,1,-19.47122063449069,-84.375,16,0
1289,1,-19.47122063449069,-73.12500000000006,17,0
1290,1,-19.47122063449069,-61.875,12,0
1291,1,-19.47122063449069,-50.625,11,0
1292,1,-19.47122063449069,-39.375,5,0
1293,1,-19.47122063449069,-28.125,10,0
1294,1,-19.47122063449069,-16.875,19,0
1295,1,-19.47122063449069,-5.625,11,0
1296,1,-24.62431835216408,0.0,12,0
1297,1,-24.62431835216408,11.25,12,0
1298,1,-24.62431835216408,22.5,6,0
1299,1,-24.62431835216408,33.75,11,0
1300,1,-24.62431835216408,45.0,16,0
1301,1,-24.62431835216408,56.25,10,0
1302,1,-24.62431835216408,67.5,9,0
1303,1,-24.62431835216408,78.75,10,0
1304,1,-24.62431835216408,90.0,15,0
1305,1,-24.62431835216408,101.25,11,0
1306,1,-24.62431835216408,112.5,12,0
1307,1,-24.62431835216408,123.75,15,0
1308,1,-24.62431835216408,135.0,13,0
1309,1,-24.62431835216408,146.25,13,0
1310,1,-24.62431835216408,157.5,17,0
1311,1,-24.62431835216408,168.75,18,0
1312,1,-24.62431835216408,-180.0,16,0
1313,1,-24.62431835216408,-168.75,9,0
1314,1,-24.62431835216408,-157.5,12,0
1315,1,-24.62431835216408,-146.25,17,0
1316,1,-24.62431835216408,-135.0,10,0
1317,1,-24.62431835216408,-123.75,20,0
1318,1,-24.62431835216408,-112.5,13,0
1319,1,-24.62431835216408,-101.25,9,0
1320,1,-24.62431835216408,-90.0,20,0
1321,1,-24.62431835216408,-78.75000000000006,12,0
1322,1,-24.62431835216408,-67.5,12,0
1323,1,-24.62431835216408,-56.25,15,0
1324,1,-24.62431835216408,-45.0,14,0
1325,1,-24.62431835216408,-33.75000000000006,16,0
1326,1,-24.62431835216408,-22.5,6,0
1327,1,-24.62431835216408,-11.25,17,0
1328,1,-30.000000000000014,5.625,11,0
1329,1,-30.000000000000014,16.875,9,1
1330,1,-30.000000000000014,28.125,10,0
1331,1,-30.000000000000014,39.375,15,0
1332,1,-30.000000000000014,50.625,11,0
1333,1,-30.000000000000014,61.875,11,0
1334,1,-30.000000000000014,73.125,12,0
1335,1,-30.000000000000014,84.375,9,0
1336,1,-30.000000000000014,95.625,9,0
1337,1,-30.000000000000014,106.875,13,0
1338,1,-30.000000000000014,118.125,10,0
1339,1,-30.000000000000014,129.375,13,0
1340,1,-30.000000000000014,140.625,14,0
1341,1,-30.000000000000014,151.875,15,0
1342,1,-30.000000000000014,163.125,14,0
1343,1,-30.000000000000014,174.375,16,0
1344,1,-30.000000000000014,-174.375,9,0
1345,1,-30.000000000000014,-163.125,15,0
1346,1,-30.000000000000014,-151.875,14,0
1347,1,-30.000000000000014,-140.625,4,0
1348,1,-30.000000000000014,-129.37500000000006,10,0
1349,1,-30.000000000000014,-118.125,20,0
1350,1,-30.000000000000014,-106.875,12,0
1351,1,-30.000000000000014,-95.625,15,0
1352,1,-30.000000000000014,-84.375,9,0
1353,1,-30.000000000000014,-73.12500000000006,13,0
1354,1,-30.000000000000014,-61.875,20,0
1355,1,-30.000000000000014,-50.625,13,0
1356,1,-30.000000000000014,-39.375,18,0
1357,1,-30.000000000000014,-28.125,12,0
1358,1,-30.000000000000014,-16.875,12,0
1359,1,-30.000000000000014,-5.625,11,0
1360,1,-35.68533471265205,0.0,13,0
1361,1,-35.68533471265205,11.25,11,1
1362,1,-35.68533471265205,22.5,9,0
1363,1,-35.68533471265205,33.75,13,0
1364,1,-35.68533471265205,45.0,12,0
1365,1,-35.68533471265205,56.25,19,0
1366,1,-35.68533471265205,67.5,10,0
1367,1,-35.68533471265205,78.75,11,0
1368,1,-35.68533471265205,90.0,10,0
1369,1,-35.68533471265205,101.25,8,0
1370,1,-35.68533471265205,112.5,12,0
1371,1,-35.68533471265205,123.75,14,0
1372,1,-35.68533471265205,135.0,11,1
1373,1,-35.68533471265205,146.25,10,0
1374,1,-35.68533471265205,157.5,18,0
1375,1,-35.68533471265205,168.75,16,0
1376,1,-35.68533471265205,-180.0,18,0
1377,1,-35.68533471265205,-168.75,14,0
1378,1,-35.68533471265205,-157.5,17,0
1379,1,-35.68533471265205,-146.25,7,0
1380,1,-35.68533471265205,-135.0,5,0
1381,1,-35.68533471265205,-123.75,12,0
1382,1,-35.68533471265205,-112.5,12,0
1383,1,-35.68533471265205,-101.25,14,0
1384,1,-35.68533471265205,-90.0,8,0
1385,1,-35.68533471265205,-78.75000000000006,16,0
1386,1,-35.68533471265205,-67.5,18,0
1387,1,-35.68533471265205,-56.25,15,0
1388,1,-35.68533471265205,-45.0,9,0
1389,1,-35.68533471265205,-33.75000000000006,15,0
1390,1,-35.68533471265205,-22.5,12,0
1391,1,-35.68533471265205,-11.25,16,0
1392,1,-41.81031489577862,5.625,16,0
1393,1,-41.81031489577862,16.875,10,0
1394,1,-41.81031489577862,28.125,16,0
1395,1,-41.81031489577862,39.375,13,0
1396,1,-41.81031489577862,50.625,18,0
1397,1,-41.81031489577862,61.875,14,0
1398,1,-41.81031489577862,73.125,7,0
1399,1,-41.81031489577862,84.375,11,0
1400,1,-41.81031489577862,95.625,10,0
1401,1,-41.81031489577862,106.875,12,0
1402,1,-41.81031489577862,118.125,17,0
1403,1,-41.81031489577862,129.375,15,1
1404,1,-41.81031489577862,140.625,11,0
1405,1,-41.81031489577862,151.875,9,0
1406,1,-41.81031489577862,163.125,17,0
1407,1,-41.81031489577862,174.375,19,0
1408,1,-41.81031489577862,-174.375,10,0
1409,1,-41.81031489577862,-163.125,15,0
1410,1,-41.81031489577862,-151.875,13,0
1411,1,-41.81031489577862,-140.625,11,0
1412,1,-41.81031489577862,-129.37500000000006,6,0
1413,1,-41.81031489577862,-118.125,11,0
1414,1,-41.81031489577862,-106.875,7,0
1415,1,-41.81031489577862,-95.625,10,0
1416,1,-41.81031489577862,-84.375,16,0
1417,1,-41.81031489577862,-73.12500000000006,18,0
1418,1,-41.81031489577862,-61.875,8,0
1419,1,-41.81031489577862,-50.625,10,0
1420,1,-41.81031489577862,-39.375,16,0
1421,1,-41.81031489577862,-28.125,19,0
1422,1,-41.81031489577862,-16.875,7,0
1423,1,-41.81031489577862,-5.625,14,0
1424,1,-48.1412077943603,6.428571428571416,10,0
1425,1,-48.1412077943603,19.285714285714278,10,0
1426,1,-48.1412077943603,32.14285714285714,14,0
1427,1,-48.1412077943603,45.0,15,0
1428,1,-48.1412077943603,57.85714285714286,19,0
1429,1,-48.1412077943603,70.71428571428572,13,0
1430,1,-48.1412077943603,83.57142857142856,15,0
1431,1,-48.1412077943603,96.42857142857144,14,0
1432,1,-48.1412077943603,109.28571428571428,17,0
1433,1,-48.1412077943603,122.14285714285711,12,0
1434,1,-48.1412077943603,135.0,17,0
1435,1,-48.1412077943603,147.8571428571429,13,0
1436,1,-48.1412077943603,160.71428571428572,12,0
1437,1,-48.1412077943603,173.57142857142856,13,1
1438,1,-48.1412077943603,-173.57142857142856,12,0
1439,1,-48.1412077943603,-160.71428571428572,13,0
1440,1,-48.1412077943603,-147.8571428571429,13,0
1441,1,-48.1412077943603,-135.0,11,0
1442,1,-48.1412077943603,-122.14285714285711,14,0
1443,1,-48.1412077943603,-109.28571428571428,7,0
1444,1,-48.1412077943603,-96.42857142857144,9,0
1445,1,-48.1412077943603,-83.57142857142856,17,0
1446,1,-48.1412077943603,-70.71428571428572,8,0
1447,1,-48.1412077943603,-57.85714285714283,10,0
1448,1,-48.1412077943603,-45.0,14,0
1449,1,-48.1412077943603,-32.14285714285717,16,0
1450,1,-48.1412077943603,-19.28571428571422,13,0
1451,1,-48.1412077943603,-6.428571428571445,15,0
1452,1,-54.340912303861245,7.5,10,0
1453,1,-54.340912303861245,22.5,15,0
1454,1,-54.340912303861245,37.5,14,0
1455,1,-54.340912303861245,52.5,15,0
1456,1,-54.340912303861245,67.5,11,0
1457,1,-54.340912303861245,82.5,10,0
1458,1,-54.340912303861245,97.5,14,0
1459,1,-54.340912303861245,112.5,10,0
1460,1,-54.340912303861245,127.5,11,0
1461,1,-54.340912303861245,142.5,14,0
1462,1,-54.340912303861245,157.5,11,0
1463,1,-54.340912303861245,172.5,11,0
1464,1,-54.340912303861245,-172.5,15,0
1465,1,-54.340912303861245,-157.5,15,0
1466,1,-54.340912303861245,-142.5,11,0
1467,1,-54.340912303861245,-127.5,7,0
1468,1,-54.340912303861245,-112.5,12,0
1469,1,-54.340912303861245,-97.5,13,0
1470,1,-54.340912303861245,-82.5,13,0
1471,1,-54.340912303861245,-67.5,5,0
1472,1,-54.340912303861245,-52.50000000000006,11,0
1473,1,-54.340912303861245,-37.5,17,0
1474,1,-54.340912303861245,-22.5,10,0
1475,1,-54.340912303861245,-7.5,16,0
1476,1,-60.4344388449523,9.0,17,0
1477,1,-60.4344388449523,27.0,19,0
1478,1,-60.4344388449523,45.0,10,0
1479,1,-60.4344388449523,63.0,13,0
1480,1,-60.4344388449523,81.0,13,0
1481,1,-60.4344388449523,99.0,15,0
1482,1,-60.4344388449523,117.0,12,0
1483,1,-60.4344388449523,135.0,10,0
1484,1,-60.4344388449523,153.0,14,0
1485,1,-60.4344388449523,171.0,12,0
1486,1,-60.4344388449523,-171.0,16,0
1487,1,-60.4344388449523,-153.0,13,0
1488,1,-60.4344388449523,-135.0,9,0
1489,1,-60.4344388449523,-117.0,7,0
1490,1,-60.4344388449523,-99.0,14,0
1491,1,-60.4344388449523,-81.0,14,0
1492,1,-60.4344388449523,-63.0,8,0
1493,1,-60.4344388449523,-45.0,19,0
1494,1,-60.4344388449523,-27.0,12,0
1495,1,-60.4344388449523,-9.0,13,0
1496,1,-66.44353569089876,11.25,12,0
1497,1,-66.44353569089876,33.75,12,0
1498,1,-66.44353569089876,56.25,10,0
1499,1,-66.44353569089876,78.75,13,0
1500,1,-66.44353569089876,101.25,13,0
1501,1,-66.44353569089876,123.75,10,0
1502,1,-66.44353569089876,146.25,14,0
1503,1,-66.44353569089876,168.75,13,0
1504,1,-66.44353569089876,-168.75,14,0
1505,1,-66.44353569089876,-146.25,18,0
1506,1,-66.44353569089876,-123.75,18,0
1507,1,-66.44353569089876,-101.25,21,0
1508,1,-66.44353569089876,-78.75,17,0
1509,1,-66.44353569089876,-56.25,16,0
1510,1,-66.44353569089876,-33.75,12,0
1511,1,-66.44353569089876,-11.25,13,0
1512,1,-72.38756092964962,15.0,6,0
1513,1,-72.38756092964962,45.0,14,0
1514,1,-72.38756092964962,75.0,12,0
1515,1,-72.38756092964962,105.0,16,0
1516,1,-72.38756092964962,135.0,14,0
1517,1,-72.38756092964962,165.0,13,0
1518,1,-72.38756092964962,-165.0,16,0
1519,1,-72.38756092964962,-135.0,21,1
1520,1,-72.38756092964962,-105.0,20,1
1521,1,-72.38756092964962,-75.0,13,0
1522,1,-72.38756092964962,-45.0,11,0
1523,1,-72.38756092964962,-15.0,15,0
1524,1,-78.28414760510762,22.5,6,0
1525,1,-78.28414760510762,67.5,15,0
1526,1,-78.28414760510762,112.5,16,0
1527,1,-78.28414760510762,157.5,8,0
1528,1,-78.28414760510762,-157.5,8,0
1529,1,-78.28414760510762,-112.5,15,1
1530,1,-78.28414760510762,-67.5,14,0
1531,1,-78.28414760510762,-22.5,18,0
1532,1,-84.14973293629666,45.0,8,0
1533,1,-84.14973293629666,135.0,9,0
1534,1,-84.14973293629666,-135.0,13,0
1535,1,-84.14973293629666,-45.0,12,0
