RA,DEC,GLON,GLAT,Variability_Index,Conf_95_PosAng,Signif,Unc_Energy_Flux100,Spectral_Index,Flux,Signif_Curv,hr12,hr23,hr34,hr45,pulsarness
0.72,62.29,117.32,-0.05,2.7331004,3.84,35.793,-27.370388,2.2277918,0.0,2.4836612,0.12671506,0.00820622,-0.40468895,-0.88899666,YNG
1.77,73.05,119.66,10.46,2.1080487,-49.42,401.705,-26.51771,1.9758227,0.0,4.417488,0.32692543,0.21013992,-0.05495107,-0.546455,YNG
16.61,48.93,125.47,-13.87,1.8393383,54.68,65.729,-28.003967,1.704475,0.0,2.8740344,0.25326708,0.27723098,-0.059899528,-0.4610763,YNG
31.43,64.82,130.73,3.08,2.303487,39.8,13.416,-25.772268,2.4576144,0.0,2.6282172,-0.9975818,0.99372,-0.49802878,0.77350366,YNG
42.1,60.37,136.91,0.71,2.0969703,58.01,41.436,-26.900688,2.2887805,0.0,2.5400016,0.18220781,-0.01753356,-0.6302685,-2.4489408,YNG
59.46,32.08,162.76,-16.02,3.16967,-1.39,81.252,-27.119137,2.3146656,0.0,3.6049752,0.39453983,-0.045246143,-0.71601236,-0.46397847,YNG
59.86,54.25,148.23,0.89,1.5041214,-46.26,35.084,-27.35556,2.1051998,0.0,2.5492754,0.4161468,0.099627584,-0.339455,-0.62157476,YNG
78.65,-44.14,249.5,-35.41,2.403739,-89.45,28.566,-28.551914,2.09699,0.0,2.3482969,0.26853824,-0.18408197,-0.9811449,1.036806,YNG
83.64,22.01,184.56,-5.78,5.0545187,-71.52,25.186,-24.557205,2.2742753,0.0,3.3142622,-0.006264479,-0.11319531,-0.28390825,-0.4395007,YNG
85.09,-69.34,279.72,-31.5,2.7635002,-30.17,28.461,-27.274296,2.470557,0.0,2.0100112,-0.2184158,-0.26698208,-0.3620774,-0.011337187,YNG
88.55,31.12,179.08,2.71,2.6835325,7.66,45.036,-27.715233,1.9549568,0.0,2.7280953,0.3518442,0.093854696,-0.49227485,-0.6965118,YNG
95.56,37.83,175.88,10.97,2.3874676,2.05,41.621,-27.695038,2.3175821,0.0,2.9948583,0.34951523,-0.09664296,-0.8416025,2.636714,YNG
97.96,6.76,204.68,-1.24,2.2186582,83.84,30.863,-27.499088,1.821473,0.0,2.432169,0.53268015,0.41205376,-0.03083721,-0.73401564,YNG
97.88,10.6,201.24,0.45,2.1231058,-81.33,48.175,-27.329899,1.8434168,0.0,2.6918406,0.28567398,0.2180457,-0.055706218,-0.45502263,YNG
98.44,6.54,205.09,-0.93,2.3298137,14.19,96.174,-26.854343,2.0097241,0.0,3.3815923,0.45046708,0.13819371,-0.27476996,-0.7203934,YNG
98.48,17.77,195.14,4.27,2.998321,87.04,897.975,-25.233635,2.0288131,0.0,5.518701,0.36978692,0.1812582,-0.24724455,-0.76548296,YNG
104.94,14.28,201.07,8.27,2.3530147,-76.83,43.549,-27.783672,2.4925816,0.0,2.6771343,-0.21628328,-0.657597,-0.90479237,1.2052522,YNG
112.34,-14.76,230.36,1.47,2.6896904,-9.13,8.506,-27.634981,2.459798,0.0,0.7344809,0.67671365,-0.45258382,-0.3094011,0.38166016,YNG
113.69,-15.99,232.06,2.01,2.30523,5.4,65.947,-27.358665,2.1146758,0.0,2.8060272,0.08460729,-0.07631027,-0.38246605,-0.4184845,YNG
115.71,-28.38,243.78,-2.44,2.286121,-58.91,28.43,-27.588692,2.0666502,0.0,2.1677642,0.36837366,0.0106585855,-0.38180524,-0.82483065,YNG
116.01,-25.43,241.35,-0.74,2.518936,39.31,35.164,-27.5408,1.9745094,0.0,2.4523325,0.32873937,0.16368346,-0.26645526,-0.62477434,YNG
120.55,-56.2,269.95,-13.21,2.0519564,-67.23,26.487,-28.239468,1.9658039,0.0,2.3721876,0.7331605,0.17335694,-0.5397708,-0.6961103,YNG
128.84,-45.18,263.55,-2.79,2.6183722,8.16,689.218,-24.28582,2.2607012,0.0,5.5362244,0.26384264,0.05934968,-0.2559338,-0.65077853,YNG
137.18,-49.19,270.26,-0.99,2.6891155,-67.03,19.427,-26.605927,2.6742904,0.0,2.2707539,0.056830842,-0.14663114,-0.6873693,-0.13864447,YNG
140.59,6.73,225.34,36.47,2.3410964,31.89,5.731,-28.514174,2.6904068,0.0,0.49238244,-0.3046269,-0.39395037,-0.607198,-0.57140446,YNG
145.28,-54.49,277.53,-1.28,2.9304144,35.97,26.996,-27.395939,2.0397644,0.0,2.3420372,0.99097127,0.23644114,-0.3267809,-1.116657,YNG
153.9,-60.5,284.87,-3.22,1.7450217,89.87,16.891,-26.785023,2.8356936,0.0,1.1580719,-0.16003077,-0.48135892,-0.54459214,0.2939346,MSP
154.1,-58.96,284.09,-1.88,2.7655997,-85.74,45.514,-25.807207,2.3247209,0.0,2.4162974,0.2404537,0.04778103,-0.3055536,-1.581496,YNG
154.97,-57.83,283.84,-0.69,2.291779,-70.49,19.712,-26.153046,2.344514,0.0,1.776437,0.84544504,-0.02809696,-0.14598492,0.07282869,YNG
155.77,-57.76,284.17,-0.4,2.2283561,-89.22,33.029,-25.382269,2.698453,0.0,3.0865006,-0.015271768,0.22356476,-0.39935744,-0.032673728,YNG
157.13,-58.32,285.07,-0.49,1.9147701,-76.79,146.358,-25.86894,2.3681533,0.0,3.501348,0.2588797,0.032650463,-0.28373024,-0.5674671,YNG
161.12,-57.63,286.57,1.16,3.0298276,-53.41,93.985,-26.430834,2.2636113,0.0,3.1483045,0.105325244,-0.0833101,-0.38621327,-0.55201787,YNG
162.06,-58.54,287.43,0.57,2.440751,-23.44,139.024,-26.14044,2.339669,0.0,3.4908438,0.31387523,0.030571952,-0.29792923,-0.56676704,YNG
163.94,-60.47,289.14,-0.74,2.7193637,78.04,20.313,-26.576555,2.316315,0.0,2.0300314,-0.17811453,0.17927204,-0.2966295,-0.55960995,YNG
164.5,-52.45,285.99,6.65,2.5816672,-19.46,297.348,-26.726809,2.1442723,0.0,4.5355206,0.43998298,0.1382953,-0.50936323,-0.66413516,YNG
164.24,-58.88,288.6,0.77,1.8916146,-0.06,21.086,-27.217968,2.2323675,0.0,2.2990773,0.620534,0.2308564,-0.6790163,-19.365995,YNG
166.23,-60.63,290.23,-0.41,2.2830148,57.01,29.135,-26.46739,2.3528535,0.0,2.4096198,0.3704386,0.061460763,-0.33961546,-0.8628479,YNG
166.36,-61.15,290.5,-0.86,2.32983,-67.64,17.207,-26.414955,2.6178102,0.0,1.9330171,-0.26478797,-0.076717526,-0.42771298,-1.6267922,YNG
167.96,-60.66,291.03,-0.11,2.8540413,-81.65,54.174,-26.518482,2.0499737,0.0,2.7454612,0.096387215,0.2138723,-0.03298151,-0.77090925,YNG
168.03,-61.13,291.24,-0.54,1.6225392,-2.36,13.451,-26.23365,2.723746,0.0,1.6617279,0.3194337,-0.28335124,-0.31901428,-0.33823466,YNG
169.78,-61.46,292.13,-0.53,3.0086484,-37.53,7.408,-26.265753,2.3760505,0.0,2.0440612,0.9164957,-0.37217894,-0.19670692,0.7761268,YNG
171.18,-59.26,292.04,1.76,2.4732268,33.99,72.29,-26.941317,2.2699387,0.0,2.7085788,0.041875068,-0.11837962,-0.46608928,-1.1379656,YNG
173.8,-60.93,293.8,0.58,2.4061048,4.55,56.481,-26.950224,2.1563294,0.0,2.666872,0.15727788,0.0046713296,-0.3670732,-0.722912,YNG
174.82,-62.79,294.79,-1.07,2.1780841,-2.28,23.435,-27.013771,2.0665781,0.0,1.9373486,0.98246723,0.07391186,-0.058316182,-0.0462792,YNG
178.02,-61.13,295.83,0.92,2.1260922,20.99,18.605,-27.342424,2.1761658,0.0,1.897247,0.99194694,0.17294228,-0.3995514,-0.8719994,YNG
180.98,-62.71,297.52,-0.34,3.1308966,-79.89,32.414,-26.452848,2.4478223,0.0,2.5039606,0.9305038,0.07343876,-0.29153335,-0.5996582,YNG
182.05,-62.63,297.99,-0.18,2.4181826,-63.74,32.131,-26.316248,2.4108043,0.0,2.2317934,0.618648,-0.03715028,-0.21421543,-0.5832884,YNG
186.16,-64.14,300.02,-1.42,1.8345001,59.31,4.711,-28.206192,2.1108258,0.0,1.0097787,-0.82090133,0.7167236,-0.043927606,-0.083216146,YNG
187.91,-51.27,299.77,11.48,2.3066196,-38.7,30.353,-28.00903,2.1589565,0.0,2.5152304,0.2303669,-0.16345939,-0.9254159,1.3491553,YNG
187.92,-65.19,300.86,-2.4,2.5694928,23.0,20.141,-27.415808,2.142951,0.0,2.0246801,0.7971844,0.09715359,-0.5161128,-0.8488626,YNG
193.34,-58.28,303.19,4.59,2.6274788,-79.52,8.465,-27.596384,2.624648,0.0,1.3667971,0.18339422,-0.37476516,-0.69418377,0.26071036,YNG
205.43,-62.28,308.74,0.02,2.3150434,-12.58,12.57,-25.950665,2.4014635,0.0,0.89371145,2.0879008e-05,-0.28342232,-0.26992214,-0.23840748,YNG
207.67,-62.41,309.73,-0.33,2.0384822,3.01,31.749,-26.360699,2.145911,0.0,2.3916407,0.43144763,0.36186162,-0.17414117,-1.077011,YNG
209.23,-64.54,309.9,-2.56,2.7117217,-49.89,21.605,-26.773981,2.503446,0.0,2.2654996,0.059298348,-0.26629,-0.75809425,-5.377276,YNG
209.6,-60.44,311.1,1.36,1.9545039,-74.76,26.844,-26.464128,2.329588,0.0,2.1838026,0.18278764,0.013313161,-0.3398133,-0.64028764,YNG
212.9,-61.55,312.32,-0.15,2.128156,74.76,6.626,-25.775835,2.8363748,0.0,1.5659708,-0.53324646,-0.37171772,-0.3217779,0.36610493,YNG
213.38,-62.09,312.38,-0.73,1.7784911,37.84,106.742,-25.819935,2.3095472,0.0,3.3258057,0.42641333,0.16435008,-0.1768752,-0.51118374,YNG
214.69,-60.97,313.33,0.13,2.7777653,61.97,44.939,-24.795328,2.744797,0.0,3.2264998,0.07107259,0.093920395,-0.2602775,-0.0094140265,YNG
215.01,-60.8,313.53,0.23,2.9708707,56.94,12.917,-24.915339,2.5633032,0.0,2.4947796,-0.5169422,0.24470231,-0.30386463,0.6911654,YNG
215.63,-61.63,313.53,-0.65,2.3421216,-48.8,54.326,-26.749403,1.893063,0.0,2.9535904,0.9807366,0.4117107,0.110840924,-0.24140519,YNG
217.49,-59.19,315.26,1.3,2.4184299,25.76,82.08,-26.34758,2.2839086,0.0,3.0322409,0.10005908,-0.09541304,-0.39692333,-0.45644245,YNG
221.86,-57.95,317.84,1.52,2.3170795,-26.75,21.703,-26.686724,2.524934,0.0,2.1357682,0.15334626,-0.21188347,-0.7210767,0.17415702,YNG
224.88,-60.89,317.89,-1.79,2.2492397,9.67,75.236,-26.373821,2.3246152,0.0,3.0480294,0.0763615,-0.14503981,-0.4123332,-0.26909986,YNG
227.36,-58.84,319.98,-0.62,2.8609488,-55.12,76.887,-26.151644,2.158596,0.0,3.039776,0.14528413,0.09529246,-0.2402093,-0.6599608,YNG
230.49,-57.59,322.04,-0.41,1.6686301,21.64,53.197,-26.265512,2.2607791,0.0,2.8538105,0.24920294,-0.017213233,-0.4276627,-0.44793984,YNG
232.11,-58.63,322.17,-1.75,1.8222636,84.4,29.812,-27.239578,1.9911475,0.0,2.3478131,0.8127043,0.26106527,-0.22598813,-0.5628321,YNG
232.9,-56.21,323.89,-0.0,1.8970124,83.03,14.396,-26.512863,2.3926668,0.0,1.9474115,0.9999973,0.20659812,-0.56700563,-0.13702828,YNG
243.54,-50.79,332.21,0.19,2.5228415,45.24,6.525,-25.458014,2.6629364,0.0,1.1601112,-0.28047323,-0.1340706,-0.36089447,-0.10351017,YNG
243.83,-51.61,331.77,-0.54,2.3127768,74.44,24.878,-26.589827,2.1048083,0.0,2.4960392,0.96675116,0.21296416,0.07281462,0.011170925,YNG
245.18,-49.46,333.89,0.4,2.0965343,-51.48,81.804,-26.026752,1.9739164,0.0,3.2332494,0.11431565,0.33022392,0.006645427,-0.47419882,YNG
245.75,-50.08,333.72,-0.29,1.7701596,-25.73,39.783,-26.093494,2.023102,0.0,2.4239366,0.8447294,0.39424828,0.0070850574,-0.53980666,YNG
246.04,-40.71,340.55,6.14,2.6667058,-22.15,43.502,-27.264122,2.0506485,0.0,2.6329072,0.16760647,0.09828961,-0.35276118,-0.44998354,YNG
250.32,-53.3,333.29,-4.56,2.530342,-58.54,29.919,-27.486,2.1378944,0.0,2.3636353,0.80779606,0.04254852,-0.48335993,-0.14868559,YNG
252.11,-46.2,339.44,-0.81,2.5608475,45.38,33.533,-26.293098,2.0554311,0.0,2.426817,0.9286947,0.3772963,-0.04320751,-0.38277173,YNG
252.6,-46.02,339.8,-0.95,2.6266418,23.9,30.504,-25.87455,2.3839755,0.0,2.4236016,0.49303398,0.012702815,-0.27002072,-0.22923042,YNG
255.74,-41.53,344.72,0.08,2.0121024,36.32,10.333,-25.861176,2.7512083,0.0,1.6846651,0.9155996,0.14296493,-0.5576849,-86.32774,YNG
256.4,-19.17,3.14,12.99,2.3953013,-68.31,9.685,-27.985096,2.671918,0.0,1.7390007,0.9988409,0.06139621,-0.7087604,-6.9749575,YNG
257.43,-44.49,343.1,-2.69,2.4137733,-26.03,431.37,-25.43671,2.2109447,0.0,4.4898586,0.2565978,0.088955715,-0.19667059,-0.584934,YNG
258.61,-38.51,348.45,0.12,2.3972518,23.71,30.777,-25.418215,2.493553,0.0,2.0977328,-0.09409834,0.044530805,-0.26797324,-2.5968826,YNG
259.56,-38.43,348.95,-0.44,1.2881731,-3.27,47.799,-25.742506,2.5298193,0.0,2.722714,0.20469981,-0.12438976,-0.38909957,-0.20804238,YNG
260.21,-19.63,4.82,9.77,3.0659232,41.93,6.868,-27.67452,2.449716,0.0,-0.07657579,0.0671749,-0.46864602,0.15485828,0.35530147,MSP
262.64,-33.88,354.11,0.07,2.5710578,-77.01,12.948,-25.625504,2.7651951,0.0,1.5885904,-0.24843764,-0.3199291,-0.44431412,0.410606,YNG
262.93,-47.74,342.56,-7.67,2.117802,,4.551,-27.451532,2.7969165,0.0,1.1540102,-0.045901366,-0.8428502,-0.003772699,-0.77334654,YNG
263.15,-31.52,356.31,1.01,1.9740688,-75.39,109.628,-26.020887,2.2535415,0.0,3.5951056,0.6343327,0.37402388,-0.18790627,-0.59334373,YNG
264.03,-34.38,354.31,-1.17,2.8697145,7.57,18.41,-26.663471,2.1424522,0.0,1.8400114,0.77132523,0.36078066,-0.18088874,-0.21029063,YNG
264.87,-30.26,358.17,0.44,2.5661268,0.94,11.242,-26.025671,2.6155245,0.0,1.8274271,0.9954362,0.32696116,-0.5823993,-0.045013394,YNG
265.15,10.1,34.12,20.27,1.8727376,41.13,6.743,-27.924774,2.8343668,0.0,0.72763956,-0.34037536,-0.6572295,-0.25548694,0.6503883,YNG
265.49,-20.9,6.43,4.91,1.8100955,-64.2,116.301,-26.68156,2.3753157,0.0,3.7487943,0.29958263,-0.017618505,-0.7513443,-1.3051357,YNG
265.58,-33.31,355.91,-1.69,2.5348697,-67.69,16.239,-26.721428,2.3687828,0.0,1.8429416,0.99808866,0.24954744,-0.37050828,-2.0111747,YNG
266.72,-32.66,356.95,-2.17,1.1681097,-42.74,39.078,-26.507027,2.3589065,0.0,2.828927,0.72964174,0.119558536,-0.3176834,-0.1746325,YNG
266.82,-29.96,359.31,-0.85,3.3585703,36.47,36.95,-25.266745,2.8723178,0.0,2.8031938,0.14066923,-0.18121631,-0.43173233,-0.1319678,YNG
269.49,-24.33,5.37,-0.02,2.6129465,-84.47,6.868,-25.888582,2.4474428,0.0,0.060034964,0.89234674,-0.41136435,-0.5183804,2.6288097,YNG
270.32,-24.85,5.29,-0.93,1.4896878,-88.23,19.3,-26.147552,2.328215,0.0,1.7343473,-0.048328273,-0.015073607,-0.18735999,0.1110582,YNG
270.78,-21.81,8.15,0.2,2.5367415,-72.34,36.37,-25.676405,2.241336,0.0,2.3792517,0.44045404,0.03648559,-0.17918666,-0.6411864,YNG
272.13,-37.03,355.34,-8.18,2.7629852,23.7,11.98,-27.924986,2.3773313,0.0,1.470112,0.5957571,-0.10807449,-0.4740326,0.32664832,MSP
272.46,-23.54,7.39,-2.0,2.6289792,19.96,188.9,-25.47106,2.3119369,0.0,3.8318412,0.2962852,0.09144119,-0.25948706,-0.629545,YNG
272.89,-19.43,11.19,-0.36,2.5513208,8.53,6.103,-27.014654,2.146314,0.0,1.0649463,-0.9812815,0.9823628,0.9825643,0.62490624,MSP
273.35,-12.77,17.24,2.44,2.1088502,-16.93,124.212,-25.859165,2.4892082,0.0,3.3967426,0.08702452,-0.12541297,-0.47641516,-0.57064956,YNG
274.29,-17.7,13.34,-0.71,1.6868727,74.46,16.955,-26.211744,2.2726667,0.0,1.8057007,-0.18301599,0.15328197,-0.30902264,-0.38905457,YNG
276.54,-12.94,18.56,-0.38,2.1917248,10.2,112.134,-24.79938,2.498841,0.0,3.529841,0.064307615,0.013382403,-0.3384701,-0.63573235,YNG
276.87,-14.76,17.1,-1.51,2.115226,-76.83,22.097,-27.031576,2.30244,0.0,2.3918626,0.9978069,0.6202297,-0.22617863,0.010228461,YNG
277.1,-11.0,20.54,0.04,2.5542974,7.11,11.708,-25.532038,2.795534,0.0,1.3833913,-0.1639149,-0.41524878,-0.4444116,0.38013586,YNG
277.72,-9.79,21.88,0.06,2.339281,28.94,14.967,-25.54046,3.0703976,0.0,2.267996,-0.105985284,-0.36039218,-0.85591906,0.677126,YNG
278.38,-10.56,21.51,-0.87,1.8199927,-51.44,36.698,-25.792683,2.3742936,0.0,2.08495,0.18484071,-0.1551933,-0.3465147,-0.29910544,YNG
279.06,59.43,88.88,25.0,2.6556418,-65.66,587.57,-26.656605,2.0073266,0.0,4.9581017,0.38910347,0.15799281,-0.30478013,-0.6906909,YNG
279.47,-6.08,25.98,0.23,2.5667026,-60.42,10.576,-25.584421,2.645578,0.0,1.3460333,0.76415795,-0.20089999,-0.32320943,-0.6390181,YNG
279.75,-5.62,26.51,0.2,2.0343423,88.95,36.488,-25.178087,2.4452317,0.0,2.5643718,-0.043971494,-0.071775645,-0.17838728,-0.6460024,YNG
281.12,-3.76,28.79,-0.17,3.070169,24.88,26.328,-25.977621,2.3557837,0.0,2.454865,0.9589186,0.22815768,-0.3210791,-0.60992867,YNG
281.6,9.33,40.69,5.35,2.9954157,15.25,69.256,-27.550816,1.7232773,0.0,3.0298154,0.38364145,0.28674906,-0.12532863,-0.37815914,YNG
283.35,-0.09,33.08,-0.48,3.0745661,-20.25,7.077,-27.21642,2.1576467,0.0,1.338598,0.9997344,0.7788476,0.030799367,-0.4416399,YNG
284.41,1.73,35.18,-0.59,2.8485744,-23.69,11.231,-26.028652,2.4984307,0.0,1.8621235,-0.07564965,0.4878124,-0.36814904,-2.33695,YNG
286.61,7.4,41.22,0.06,2.3581939,-61.28,28.391,-25.623455,2.6384835,0.0,2.3624372,0.99546945,-0.16359365,-0.37338915,-3.0256727,YNG
286.98,6.04,40.18,-0.9,2.8504694,-50.79,131.041,-25.601973,2.3724525,0.0,3.488819,0.23876514,0.014868895,-0.3007502,-0.53879094,YNG
288.35,9.09,43.52,-0.69,2.615176,6.64,18.201,-26.511501,2.2073047,0.0,2.1121542,-0.4433636,0.28228378,-0.19507441,-0.31673497,YNG
288.35,10.33,44.61,-0.12,2.5068793,11.83,11.332,-26.585974,2.1674378,0.0,0.4325441,0.930661,0.2507156,-0.20032093,-0.9768406,YNG
291.32,17.48,52.29,0.69,2.848592,-61.68,8.246,-26.599676,2.6575308,0.0,1.6174417,-0.023394562,6.206519e-05,-0.53504974,0.18610188,YNG
293.08,19.27,54.65,0.08,2.599687,1.27,45.286,-26.168219,2.5014567,0.0,2.7876022,0.23222016,-0.079979725,-0.4952026,-0.58951074,YNG
293.06,22.36,57.35,1.58,3.1469615,3.08,6.558,-27.148397,2.3792517,0.0,1.1292733,0.98759556,-0.0753616,-0.30036634,-0.23658606,YNG
293.82,20.49,56.06,0.07,3.6047282,-48.4,15.461,-26.484365,2.7174358,0.0,2.0045965,0.07837355,-0.26613924,-0.6035069,-0.0023727352,YNG
298.25,32.88,68.77,2.82,2.0434365,40.91,84.379,-26.224764,2.3499322,0.0,3.3606992,0.27813867,0.023118783,-0.2969215,-0.55713683,YNG
298.59,28.6,65.25,0.37,2.590311,80.13,91.071,-26.506556,2.124695,0.0,3.1332245,0.23384927,0.059415363,-0.28256005,-0.91958934,YNG
299.41,50.56,84.59,11.02,2.571384,56.38,76.046,-27.823477,2.0162823,0.0,3.2144237,0.36138907,-0.113076776,-0.7564426,-0.56079566,YNG
299.68,28.77,65.89,-0.36,2.4161649,-7.97,97.329,-26.607918,2.1089165,0.0,3.320956,0.29359686,0.056026764,-0.366863,-0.7076789,YNG
301.57,31.04,68.69,-0.54,1.7970932,-7.82,16.351,-27.266012,2.119106,0.0,1.8948557,0.6159934,0.17881614,-0.27768332,-0.48127016,YNG
304.49,36.43,74.52,0.39,2.662009,25.07,57.785,-26.191921,2.3265865,0.0,2.967256,0.20709343,0.07357018,-0.4799028,-1.6796429,YNG
305.28,36.86,75.23,0.11,1.9078386,86.7,208.308,-25.58928,2.3814964,0.0,4.064122,0.27376178,0.05726534,-0.33379284,-0.78283554,YNG
305.39,40.44,78.23,2.08,5.6903954,-31.7,145.661,-25.213799,2.546685,0.0,4.123112,0.37945753,-0.0014122301,-0.43473724,-0.65617424,YNG
305.58,38.67,76.86,0.94,2.3437555,70.63,16.949,-26.273474,2.6641183,0.0,1.872333,-0.2067248,-0.29114476,-0.45187888,0.1632319,YNG
307.08,33.53,73.36,-3.01,2.4905102,8.37,68.273,-27.041828,1.9627247,0.0,3.3248026,0.99940586,0.25673863,-0.4130057,-0.6598548,YNG
307.51,36.69,76.12,-1.45,2.4756978,14.23,62.283,-27.093515,1.9052845,0.0,3.059679,0.64640826,0.30736515,-0.2536107,-0.6659929,YNG
307.73,44.27,82.35,2.88,1.9861224,-85.97,52.737,-26.85685,2.1193495,0.0,2.9653776,0.19686592,0.15268008,-0.54418623,-1.2691462,YNG
308.06,41.46,80.23,1.02,3.263636,59.2,111.514,-26.086458,2.0981717,0.0,3.2529275,0.40141138,0.274796,-0.023989115,-0.64151317,YNG
310.93,27.69,70.62,-9.15,3.895892,65.91,27.475,-27.966208,2.0977042,0.0,2.2838871,0.22471218,-0.0347096,-0.68404084,-2.0586083,YNG
313.96,25.67,70.7,-12.52,2.5198667,-44.11,123.321,-27.687181,2.0802097,0.0,3.6473205,0.4254258,0.12302637,-0.5311589,-0.3759209,YNG
317.86,46.1,88.31,-1.45,2.4518626,15.6,78.372,-27.253933,2.008295,0.0,2.819911,0.2513008,0.031724516,-0.17632051,-0.4033594,YNG
319.06,37.03,82.3,-8.34,2.351915,43.44,16.444,-27.926977,2.3043056,0.0,1.9682636,0.22415157,-0.052840073,-0.6857408,-15.961812,MSP
325.0,47.27,92.64,-4.03,2.4953458,39.73,59.341,-27.640661,1.9892852,0.0,3.0674067,0.3340204,0.052826777,-0.6468602,-2.0323358,YNG
332.04,40.97,92.62,-12.09,3.7000709,-37.88,8.51,-27.688654,2.9675586,0.0,1.4174352,0.020034917,-0.7004382,-0.22503877,0.306418,YNG
337.27,61.24,106.65,2.95,2.334176,-13.75,168.595,-26.4503,2.316082,0.0,3.6883872,0.15046392,-0.017347917,-0.28192842,-0.6570399,YNG
339.63,59.06,106.56,0.48,2.6112893,-45.2,73.536,-26.818226,2.2916174,0.0,3.0047245,0.17328773,-0.07086083,-0.39496702,-0.7317369,YNG
340.17,58.55,106.56,-0.1,1.7220466,-33.51,16.77,-27.288675,2.2753763,0.0,1.727267,0.122435935,0.062480785,-0.2705641,-0.7120855,YNG
