patch_id,centre_lat,centre_lon,num_agn,num_psr
0,84.14973293629666,45.0,19,0
1,84.14973293629666,135.0,16,0
2,84.14973293629666,-135.0,13,0
3,84.14973293629666,-45.0,11,0
4,78.28414760510762,22.5,13,0
5,78.28414760510762,67.5,14,0
6,78.28414760510762,112.5,19,0
7,78.28414760510762,157.5,16,0
8,78.28414760510762,-157.5,14,0
9,78.28414760510762,-112.5,10,0
10,78.28414760510762,-67.5,10,0
11,78.28414760510762,-22.5,11,0
12,72.38756092964962,15.0,6,0
13,72.38756092964962,45.0,8,0
14,72.38756092964962,75.0,18,0
15,72.38756092964962,105.0,13,0
16,72.38756092964962,135.0,14,0
17,72.38756092964962,165.0,18,0
18,72.38756092964962,-165.0,11,0
19,72.38756092964962,-135.0,14,0
20,72.38756092964962,-105.0,17,0
21,72.38756092964962,-75.0,13,0
22,72.38756092964962,-45.0,8,0
23,72.38756092964962,-15.0,9,0
24,66.44353569089877,11.25,12,0
25,66.44353569089877,33.75,11,0
26,66.44353569089877,56.25,17,0
27,66.44353569089877,78.75,13,0
28,66.44353569089877,101.25,10,0
29,66.44353569089877,123.75,16,0
30,66.44353569089877,146.25,15,0
31,66.44353569089877,168.75,20,0
32,66.44353569089877,-168.75,9,0
33,66.44353569089877,-146.25,18,0
34,66.44353569089877,-123.75,11,0
35,66.44353569089877,-101.25,15,0
36,66.44353569089877,-78.75,12,0
37,66.44353569089877,-56.25,8,0
38,66.44353569089877,-33.75,7,0
39,66.44353569089877,-11.25,9,0
40,60.43443884495228,9.0,10,0
41,60.43443884495228,27.0,13,0
42,60.43443884495228,45.0,13,0
43,60.43443884495228,63.0,13,0
44,60.43443884495228,81.0,18,0
45,60.43443884495228,99.0,16,0
46,60.43443884495228,117.0,14,0
47,60.43443884495228,135.0,17,0
48,60.43443884495228,153.0,9,0
49,60.43443884495228,171.0,13,0
50,60.43443884495228,-171.0,15,0
51,60.43443884495228,-153.0,10,0
52,60.43443884495228,-135.0,11,0
53,60.43443884495228,-117.0,8,0
54,60.43443884495228,-99.0,5,0
55,60.43443884495228,-81.0,12,0
56,60.43443884495228,-63.0,13,0
57,60.43443884495228,-45.0,15,0
58,60.43443884495228,-27.0,10,0
59,60.43443884495228,-9.0,9,0
60,54.340912303861245,7.5,7,0
61,54.340912303861245,22.5,10,0
62,54.340912303861245,37.5,7,0
63,54.340912303861245,52.5,11,0
64,54.340912303861245,67.5,12,0
65,54.340912303861245,82.5,15,0
66,54.340912303861245,97.5,18,0
67,54.340912303861245,112.5,11,0
68,54.340912303861245,127.5,17,0
69,54.340912303861245,142.5,18,0
70,54.340912303861245,157.5,15,0
71,54.340912303861245,172.5,13,0
72,54.340912303861245,-172.5,17,0
73,54.340912303861245,-157.5,12,0
74,54.340912303861245,-142.5,9,0
75,54.340912303861245,-127.5,8,0
76,54.340912303861245,-112.5,17,0
77,54.340912303861245,-97.5,14,0
78,54.340912303861245,-82.5,12,0
79,54.340912303861245,-67.5,7,0
80,54.340912303861245,-52.50000000000006,13,0
81,54.340912303861245,-37.5,11,0
82,54.340912303861245,-22.5,10,0
83,54.340912303861245,-7.5,6,0
84,48.141207794360284,6.428571428571416,11,0
85,48.141207794360284,19.285714285714278,11,0
86,48.141207794360284,32.14285714285714,14,0
87,48.141207794360284,45.0,9,0
88,48.141207794360284,57.85714285714286,6,0
89,48.141207794360284,70.71428571428572,14,0
90,48.141207794360284,83.57142857142856,14,0
91,48.141207794360284,96.42857142857144,14,0
92,48.141207794360284,109.28571428571428,12,0
93,48.141207794360284,122.14285714285711,19,0
94,48.141207794360284,135.0,13,0
95,48.141207794360284,147.8571428571429,12,0
96,48.141207794360284,160.71428571428572,17,0
97,48.141207794360284,173.57142857142856,19,0
98,48.141207794360284,-173.57142857142856,15,0
99,48.141207794360284,-160.71428571428572,9,0
100,48.141207794360284,-147.8571428571429,8,0
101,48.141207794360284,-135.0,6,0
102,48.141207794360284,-122.14285714285711,12,0
103,48.141207794360284,-109.28571428571428,13,0
104,48.141207794360284,-96.42857142857144,13,0
105,48.141207794360284,-83.57142857142856,17,0
106,48.141207794360284,-70.71428571428572,9,0
107,48.141207794360284,-57.85714285714283,6,0
108,48.141207794360284,-45.0,14,0
109,48.141207794360284,-32.14285714285717,11,0
110,48.141207794360284,-19.28571428571422,9,0
111,48.141207794360284,-6.428571428571445,3,0
112,41.81031489577859,5.625,5,0
113,41.81031489577859,16.875,11,0
114,41.81031489577859,28.125,12,0
115,41.81031489577859,39.375,8,0
116,41.81031489577859,50.625,13,0
117,41.81031489577859,61.875,17,0
118,41.81031489577859,73.125,18,0
119,41.81031489577859,84.375,19,0
120,41.81031489577859,95.625,15,0
121,41.81031489577859,106.875,11,0
122,41.81031489577859,118.125,17,0
123,41.81031489577859,129.375,18,0
124,41.81031489577859,140.625,15,0
125,41.81031489577859,151.875,16,0
126,41.81031489577859,163.125,15,0
127,41.81031489577859,174.375,18,0
128,41.81031489577859,-174.375,10,0
129,41.81031489577859,-163.125,13,0
130,41.81031489577859,-151.875,8,0
131,41.81031489577859,-140.625,5,0
132,41.81031489577859,-129.37500000000006,8,0
133,41.81031489577859,-118.125,9,0
134,41.81031489577859,-106.875,5,0
135,41.81031489577859,-95.625,6,0
136,41.81031489577859,-84.375,14,0
137,41.81031489577859,-73.12500000000006,14,0
138,41.81031489577859,-61.875,5,0
139,41.81031489577859,-50.625,13,0
140,41.81031489577859,-39.375,10,0
141,41.81031489577859,-28.125,8,0
142,41.81031489577859,-16.875,7,0
143,41.81031489577859,-5.625,10,0
144,35.68533471265204,0.0,9,0
145,35.68533471265204,11.25,7,0
146,35.68533471265204,22.5,8,0
147,35.68533471265204,33.75,4,0
148,35.68533471265204,45.0,9,0
149,35.68533471265204,56.25,9,0
150,35.68533471265204,67.5,13,0
151,35.68533471265204,78.75,12,0
152,35.68533471265204,90.0,10,0
153,35.68533471265204,101.25,13,0
154,35.68533471265204,112.5,14,0
155,35.68533471265204,123.75,15,0
156,35.68533471265204,135.0,12,0
157,35.68533471265204,146.25,17,0
158,35.68533471265204,157.5,12,0
159,35.68533471265204,168.75,14,0
160,35.68533471265204,-180.0,14,0
161,35.68533471265204,-168.75,10,0
162,35.68533471265204,-157.5,15,0
163,35.68533471265204,-146.25,5,0
164,35.68533471265204,-135.0,7,1
165,35.68533471265204,-123.75,7,0
166,35.68533471265204,-112.5,8,0
167,35.68533471265204,-101.25,7,0
168,35.68533471265204,-90.0,9,0
169,35.68533471265204,-78.75000000000006,11,0
170,35.68533471265204,-67.5,13,0
171,35.68533471265204,-56.25,7,0
172,35.68533471265204,-45.0,10,0
173,35.68533471265204,-33.75000000000006,6,0
174,35.68533471265204,-22.5,13,0
175,35.68533471265204,-11.25,11,0
176,30.000000000000007,5.625,9,0
177,30.000000000000007,16.875,7,0
178,30.000000000000007,28.125,9,0
179,30.000000000000007,39.375,5,0
180,30.000000000000007,50.625,8,0
181,30.000000000000007,61.875,15,0
182,30.000000000000007,73.125,14,0
183,30.000000000000007,84.375,14,1
184,30.000000000000007,95.625,13,0
185,30.000000000000007,106.875,12,0
186,30.000000000000007,118.125,11,0
187,30.000000000000007,129.375,16,0
188,30.000000000000007,140.625,12,0
189,30.000000000000007,151.875,12,0
190,30.000000000000007,163.125,16,0
191,30.000000000000007,174.375,14,0
192,30.000000000000007,-174.375,16,0
193,30.000000000000007,-163.125,17,0
194,30.000000000000007,-151.875,9,0
195,30.000000000000007,-140.625,9,0
196,30.000000000000007,-129.37500000000006,9,0
197,30.000000000000007,-118.125,7,0
198,30.000000000000007,-106.875,9,0
199,30.000000000000007,-95.625,12,0
200,30.000000000000007,-84.375,10,0
201,30.000000000000007,-73.12500000000006,10,0
202,30.000000000000007,-61.875,9,0
203,30.000000000000007,-50.625,5,0
204,30.000000000000007,-39.375,10,0
205,30.000000000000007,-28.125,12,0
206,30.000000000000007,-16.875,7,0
207,30.000000000000007,-5.625,13,0
208,24.62431835216408,0.0,10,0
209,24.62431835216408,11.25,6,0
210,24.62431835216408,22.5,6,0
211,24.62431835216408,33.75,9,1
212,24.62431835216408,45.0,7,0
213,24.62431835216408,56.25,15,0
214,24.62431835216408,67.5,14,0
215,24.62431835216408,78.75,9,0
216,24.62431835216408,90.0,11,1
217,24.62431835216408,101.25,17,0
218,24.62431835216408,112.5,8,0
219,24.62431835216408,123.75,15,0
220,24.62431835216408,135.0,9,0
221,24.62431835216408,146.25,10,0
222,24.62431835216408,157.5,13,0
223,24.62431835216408,168.75,17,0
224,24.62431835216408,-180.0,8,0
225,24.62431835216408,-168.75,12,0
226,24.62431835216408,-157.5,8,0
227,24.62431835216408,-146.25,8,0
228,24.62431835216408,-135.0,12,0
229,24.62431835216408,-123.75,10,0
230,24.62431835216408,-112.5,10,0
231,24.62431835216408,-101.25,10,0
232,24.62431835216408,-90.0,17,0
233,24.62431835216408,-78.75000000000006,8,0
234,24.62431835216408,-67.5,12,0
235,24.62431835216408,-56.25,8,0
236,24.62431835216408,-45.0,11,0
237,24.62431835216408,-33.75000000000006,10,0
238,24.62431835216408,-22.5,12,0
239,24.62431835216408,-11.25,10,0
240,19.47122063449069,5.625,5,0
241,19.47122063449069,16.875,3,0
242,19.47122063449069,28.125,8,0
243,19.47122063449069,39.375,9,1
244,19.47122063449069,50.625,12,0
245,19.47122063449069,61.875,17,0
246,19.47122063449069,73.125,7,0
247,19.47122063449069,84.375,9,0
248,19.47122063449069,95.625,16,0
249,19.47122063449069,106.875,14,0
250,19.47122063449069,118.125,10,0
251,19.47122063449069,129.375,10,0
252,19.47122063449069,140.625,8,0
253,19.47122063449069,151.875,8,0
254,19.47122063449069,163.125,9,0
255,19.47122063449069,174.375,11,0
256,19.47122063449069,-174.375,10,0
257,19.47122063449069,-163.125,9,0
258,19.47122063449069,-151.875,13,0
259,19.47122063449069,-140.625,10,0
260,19.47122063449069,-129.37500000000006,14,0
261,19.47122063449069,-118.125,6,0
262,19.47122063449069,-106.875,10,0
263,19.47122063449069,-95.625,11,0
264,19.47122063449069,-84.375,8,0
265,19.47122063449069,-73.12500000000006,8,0
266,19.47122063449069,-61.875,8,0
267,19.47122063449069,-50.625,9,0
268,19.47122063449069,-39.375,11,0
269,19.47122063449069,-28.125,11,0
270,19.47122063449069,-16.875,14,0
271,19.47122063449069,-5.625,6,0
272,14.477512185929925,0.0,7,2
273,14.477512185929925,11.25,2,0
274,14.477512185929925,22.5,6,0
275,14.477512185929925,33.75,6,0
276,14.477512185929925,45.0,11,0
277,14.477512185929925,56.25,9,0
278,14.477512185929925,67.5,10,0
279,14.477512185929925,78.75,1,0
280,14.477512185929925,90.0,7,0
281,14.477512185929925,101.25,11,0
282,14.477512185929925,112.5,9,0
283,14.477512185929925,123.75,10,1
284,14.477512185929925,135.0,5,0
285,14.477512185929925,146.25,13,0
286,14.477512185929925,157.5,9,0
287,14.477512185929925,168.75,11,0
288,14.477512185929925,-180.0,7,1
289,14.477512185929925,-168.75,10,0
290,14.477512185929925,-157.5,10,0
291,14.477512185929925,-146.25,10,0
292,14.477512185929925,-135.0,14,0
293,14.477512185929925,-123.75,9,0
294,14.477512185929925,-112.5,10,0
295,14.477512185929925,-101.25,7,0
296,14.477512185929925,-90.0,3,0
297,14.477512185929925,-78.75000000000006,11,0
298,14.477512185929925,-67.5,7,0
299,14.477512185929925,-56.25,7,1
300,14.477512185929925,-45.0,4,0
301,14.477512185929925,-33.75000000000006,14,0
302,14.477512185929925,-22.5,6,0
303,14.477512185929925,-11.25,7,0
304,9.594068226860458,5.625,6,3
305,9.594068226860458,16.875,6,0
306,9.594068226860458,28.125,3,0
307,9.594068226860458,39.375,7,1
308,9.594068226860458,50.625,5,0
309,9.594068226860458,61.875,5,0
310,9.594068226860458,73.125,7,0
311,9.594068226860458,84.375,5,1
312,9.594068226860458,95.625,4,0
313,9.594068226860458,106.875,7,0
314,9.594068226860458,118.125,8,1
315,9.594068226860458,129.375,12,0
316,9.594068226860458,140.625,9,0
317,9.594068226860458,151.875,12,0
318,9.594068226860458,163.125,2,0
319,9.594068226860458,174.375,8,1
320,9.594068226860458,-174.375,10,0
321,9.594068226860458,-163.125,10,1
322,9.594068226860458,-151.875,5,0
323,9.594068226860458,-140.625,10,0
324,9.594068226860458,-129.37500000000006,13,0
325,9.594068226860458,-118.125,9,0
326,9.594068226860458,-106.875,7,0
327,9.594068226860458,-95.625,5,0
328,9.594068226860458,-84.375,6,0
329,9.594068226860458,-73.12500000000006,13,1
330,9.594068226860458,-61.875,6,1
331,9.594068226860458,-50.625,6,0
332,9.594068226860458,-39.375,7,0
333,9.594068226860458,-28.125,7,0
334,9.594068226860458,-16.875,8,1
335,9.594068226860458,-5.625,4,0
336,4.780191847199163,0.0,4,2
337,4.780191847199163,11.25,6,2
338,4.780191847199163,22.5,2,4
339,4.780191847199163,33.75,3,0
340,4.780191847199163,45.0,6,3
341,4.780191847199163,56.25,3,4
342,4.780191847199163,67.5,1,2
343,4.780191847199163,78.75,9,6
344,4.780191847199163,90.0,7,0
345,4.780191847199163,101.25,7,0
346,4.780191847199163,112.5,6,1
347,4.780191847199163,123.75,9,0
348,4.780191847199163,135.0,9,2
349,4.780191847199163,146.25,5,1
350,4.780191847199163,157.5,8,0
351,4.780191847199163,168.75,4,0
352,4.780191847199163,-180.0,5,1
353,4.780191847199163,-168.75,10,1
354,4.780191847199163,-157.5,7,2
355,4.780191847199163,-146.25,8,0
356,4.780191847199163,-135.0,6,0
357,4.780191847199163,-123.75,6,1
358,4.780191847199163,-112.5,8,0
359,4.780191847199163,-101.25,8,0
360,4.780191847199163,-90.0,2,0
361,4.780191847199163,-78.75000000000006,6,1
362,4.780191847199163,-67.5,5,5
363,4.780191847199163,-56.25,9,1
364,4.780191847199163,-45.0,3,6
365,4.780191847199163,-33.75000000000006,4,1
366,4.780191847199163,-22.5,6,2
367,4.780191847199163,-11.25,10,2
368,0.0,5.625,6,5
369,0.0,16.875,2,6
370,0.0,28.125,2,4
371,0.0,39.375,6,4
372,0.0,50.625,5,2
373,0.0,61.875,4,3
374,0.0,73.125,8,7
375,0.0,84.375,5,3
376,0.0,95.625,1,1
377,0.0,106.875,5,3
378,0.0,118.125,9,1
379,0.0,129.375,7,1
380,0.0,140.625,3,1
381,0.0,151.875,2,1
382,0.0,163.125,5,0
383,0.0,174.375,7,1
384,0.0,-174.375,5,0
385,0.0,-163.125,5,2
386,0.0,-151.875,4,2
387,0.0,-140.625,6,0
388,0.0,-129.37500000000006,5,2
389,0.0,-118.125,5,2
390,0.0,-106.875,6,0
391,0.0,-95.625,2,1
392,0.0,-84.375,4,1
393,0.0,-73.12500000000006,6,13
394,0.0,-61.875,3,7
395,0.0,-50.625,7,9
396,0.0,-39.375,4,6
397,0.0,-28.125,3,5
398,0.0,-16.875,5,4
399,0.0,-5.625,12,7
400,-4.780191847199163,0.0,7,4
401,-4.780191847199163,11.25,5,3
402,-4.780191847199163,22.5,3,4
403,-4.780191847199163,33.75,3,2
404,-4.780191847199163,45.0,10,4
405,-4.780191847199163,56.25,3,2
406,-4.780191847199163,67.5,3,3
407,-4.780191847199163,78.75,4,3
408,-4.780191847199163,90.0,5,2
409,-4.780191847199163,101.25,3,0
410,-4.780191847199163,112.5,3,1
411,-4.780191847199163,123.75,13,0
412,-4.780191847199163,135.0,6,0
413,-4.780191847199163,146.25,6,0
414,-4.780191847199163,157.5,5,0
415,-4.780191847199163,168.75,7,0
416,-4.780191847199163,-180.0,6,1
417,-4.780191847199163,-168.75,8,0
418,-4.780191847199163,-157.5,0,2
419,-4.780191847199163,-146.25,3,0
420,-4.780191847199163,-135.0,7,0
421,-4.780191847199163,-123.75,3,0
422,-4.780191847199163,-112.5,6,1
423,-4.780191847199163,-101.25,0,1
424,-4.780191847199163,-90.0,7,1
425,-4.780191847199163,-78.75000000000006,2,6
426,-4.780191847199163,-67.5,11,7
427,-4.780191847199163,-56.25,10,2
428,-4.780191847199163,-45.0,5,5
429,-4.780191847199163,-33.75000000000006,5,3
430,-4.780191847199163,-22.5,7,4
431,-4.780191847199163,-11.25,6,3
432,-9.594068226860458,5.625,8,0
433,-9.594068226860458,16.875,13,0
434,-9.594068226860458,28.125,8,0
435,-9.594068226860458,39.375,3,0
436,-9.594068226860458,50.625,9,0
437,-9.594068226860458,61.875,5,0
438,-9.594068226860458,73.125,4,2
439,-9.594068226860458,84.375,9,1
440,-9.594068226860458,95.625,5,1
441,-9.594068226860458,106.875,6,0
442,-9.594068226860458,118.125,6,0
443,-9.594068226860458,129.375,13,1
444,-9.594068226860458,140.625,8,0
445,-9.594068226860458,151.875,12,0
446,-9.594068226860458,163.125,8,0
447,-9.594068226860458,174.375,9,0
448,-9.594068226860458,-174.375,8,1
449,-9.594068226860458,-163.125,6,0
450,-9.594068226860458,-151.875,7,0
451,-9.594068226860458,-140.625,5,0
452,-9.594068226860458,-129.37500000000006,10,0
453,-9.594068226860458,-118.125,8,0
454,-9.594068226860458,-106.875,7,0
455,-9.594068226860458,-95.625,11,0
456,-9.594068226860458,-84.375,9,0
457,-9.594068226860458,-73.12500000000006,6,0
458,-9.594068226860458,-61.875,9,0
459,-9.594068226860458,-50.625,7,0
460,-9.594068226860458,-39.375,10,0
461,-9.594068226860458,-28.125,7,0
462,-9.594068226860458,-16.875,8,1
463,-9.594068226860458,-5.625,5,1
464,-14.477512185929925,0.0,5,0
465,-14.477512185929925,11.25,8,0
466,-14.477512185929925,22.5,12,0
467,-14.477512185929925,33.75,7,0
468,-14.477512185929925,45.0,8,0
469,-14.477512185929925,56.25,8,0
470,-14.477512185929925,67.5,6,1
471,-14.477512185929925,78.75,10,0
472,-14.477512185929925,90.0,11,1
473,-14.477512185929925,101.25,11,0
474,-14.477512185929925,112.5,8,0
475,-14.477512185929925,123.75,7,1
476,-14.477512185929925,135.0,11,0
477,-14.477512185929925,146.25,11,0
478,-14.477512185929925,157.5,13,0
479,-14.477512185929925,168.75,9,0
480,-14.477512185929925,-180.0,7,0
481,-14.477512185929925,-168.75,10,0
482,-14.477512185929925,-157.5,8,0
483,-14.477512185929925,-146.25,10,0
484,-14.477512185929925,-135.0,11,0
485,-14.477512185929925,-123.75,15,0
486,-14.477512185929925,-112.5,9,0
487,-14.477512185929925,-101.25,12,0
488,-14.477512185929925,-90.0,9,1
489,-14.477512185929925,-78.75000000000006,7,0
490,-14.477512185929925,-67.5,3,0
491,-14.477512185929925,-56.25,9,0
492,-14.477512185929925,-45.0,11,0
493,-14.477512185929925,-33.75000000000006,9,0
494,-14.477512185929925,-22.5,9,0
495,-14.477512185929925,-11.25,8,0
496,-19.47122063449069,5.625,3,0
497,-19.47122063449069,16.875,7,0
498,-19.47122063449069,28.125,9,0
499,-19.47122063449069,39.375,7,0
500,-19.47122063449069,50.625,6,0
501,-19.47122063449069,61.875,7,0
502,-19.47122063449069,73.125,8,0
503,-19.47122063449069,84.375,11,0
504,-19.47122063449069,95.625,10,0
505,-19.47122063449069,106.875,11,0
506,-19.47122063449069,118.125,13,0
507,-19.47122063449069,129.375,14,0
508,-19.47122063449069,140.625,14,0
509,-19.47122063449069,151.875,12,0
510,-19.47122063449069,163.125,11,1
511,-19.47122063449069,174.375,6,0
512,-19.47122063449069,-174.375,6,0
513,-19.47122063449069,-163.125,10,0
514,-19.47122063449069,-151.875,8,0
515,-19.47122063449069,-140.625,5,0
516,-19.47122063449069,-129.37500000000006,16,0
517,-19.47122063449069,-118.125,10,0
518,-19.47122063449069,-106.875,10,0
519,-19.47122063449069,-95.625,8,0
520,-19.47122063449069,-84.375,14,0
521,-19.47122063449069,-73.12500000000006,9,0
522,-19.47122063449069,-61.875,10,0
523,-19.47122063449069,-50.625,15,0
524,-19.47122063449069,-39.375,7,0
525,-19.47122063449069,-28.125,14,0
526,-19.47122063449069,-16.875,8,0
527,-19.47122063449069,-5.625,5,0
528,-24.62431835216408,0.0,8,0
529,-24.62431835216408,11.25,6,0
530,-24.62431835216408,22.5,10,0
531,-24.62431835216408,33.75,9,0
532,-24.62431835216408,45.0,11,0
533,-24.62431835216408,56.25,12,0
534,-24.62431835216408,67.5,6,0
535,-24.62431835216408,78.75,8,0
536,-24.62431835216408,90.0,10,0
537,-24.62431835216408,101.25,9,0
538,-24.62431835216408,112.5,12,0
539,-24.62431835216408,123.75,15,0
540,-24.62431835216408,135.0,10,0
541,-24.62431835216408,146.25,11,0
542,-24.62431835216408,157.5,7,0
543,-24.62431835216408,168.75,4,0
544,-24.62431835216408,-180.0,7,0
545,-24.62431835216408,-168.75,12,0
546,-24.62431835216408,-157.5,7,0
547,-24.62431835216408,-146.25,5,0
548,-24.62431835216408,-135.0,7,0
549,-24.62431835216408,-123.75,14,0
550,-24.62431835216408,-112.5,8,0
551,-24.62431835216408,-101.25,11,0
552,-24.62431835216408,-90.0,9,0
553,-24.62431835216408,-78.75000000000006,13,0
554,-24.62431835216408,-67.5,10,0
555,-24.62431835216408,-56.25,11,0
556,-24.62431835216408,-45.0,9,0
557,-24.62431835216408,-33.75000000000006,7,0
558,-24.62431835216408,-22.5,13,0
559,-24.62431835216408,-11.25,7,0
560,-30.000000000000014,5.625,8,0
561,-30.000000000000014,16.875,10,0
562,-30.000000000000014,28.125,8,0
563,-30.000000000000014,39.375,11,0
564,-30.000000000000014,50.625,12,0
565,-30.000000000000014,61.875,8,0
566,-30.000000000000014,73.125,10,0
567,-30.000000000000014,84.375,13,0
568,-30.000000000000014,95.625,6,0
569,-30.000000000000014,106.875,6,0
570,-30.000000000000014,118.125,9,0
571,-30.000000000000014,129.375,9,0
572,-30.000000000000014,140.625,8,0
573,-30.000000000000014,151.875,11,0
574,-30.000000000000014,163.125,7,0
575,-30.000000000000014,174.375,2,0
576,-30.000000000000014,-174.375,8,0
577,-30.000000000000014,-163.125,9,0
578,-30.000000000000014,-151.875,6,0
579,-30.000000000000014,-140.625,10,0
580,-30.000000000000014,-129.37500000000006,8,0
581,-30.000000000000014,-118.125,14,0
582,-30.000000000000014,-106.875,10,0
583,-30.000000000000014,-95.625,14,0
584,-30.000000000000014,-84.375,14,1
585,-30.000000000000014,-73.12500000000006,8,0
586,-30.000000000000014,-61.875,9,0
587,-30.000000000000014,-50.625,5,0
588,-30.000000000000014,-39.375,11,0
589,-30.000000000000014,-28.125,6,0
590,-30.000000000000014,-16.875,4,0
591,-30.000000000000014,-5.625,14,0
592,-35.68533471265205,0.0,12,0
593,-35.68533471265205,11.25,6,0
594,-35.68533471265205,22.5,7,0
595,-35.68533471265205,33.75,8,0
596,-35.68533471265205,45.0,9,0
597,-35.68533471265205,56.25,10,0
598,-35.68533471265205,67.5,13,0
599,-35.68533471265205,78.75,7,0
600,-35.68533471265205,90.0,9,0
601,-35.68533471265205,101.25,6,0
602,-35.68533471265205,112.5,7,0
603,-35.68533471265205,123.75,12,0
604,-35.68533471265205,135.0,12,0
605,-35.68533471265205,146.25,15,0
606,-35.68533471265205,157.5,11,0
607,-35.68533471265205,168.75,8,0
608,-35.68533471265205,-180.0,4,0
609,-35.68533471265205,-168.75,11,0
610,-35.68533471265205,-157.5,6,0
611,-35.68533471265205,-146.25,8,0
612,-35.68533471265205,-135.0,14,0
613,-35.68533471265205,-123.75,8,0
614,-35.68533471265205,-112.5,15,1
615,-35.68533471265205,-101.25,11,0
616,-35.68533471265205,-90.0,15,0
617,-35.68533471265205,-78.75000000000006,12,1
618,-35.68533471265205,-67.5,6,0
619,-35.68533471265205,-56.25,9,0
620,-35.68533471265205,-45.0,10,0
621,-35.68533471265205,-33.75000000000006,10,0
622,-35.68533471265205,-22.5,7,0
623,-35.68533471265205,-11.25,7,0
624,-41.81031489577862,5.625,9,0
625,-41.81031489577862,16.875,10,0
626,-41.81031489577862,28.125,10,0
627,-41.81031489577862,39.375,10,0
628,-41.81031489577862,50.625,9,0
629,-41.81031489577862,61.875,17,0
630,-41.81031489577862,73.125,9,0
631,-41.81031489577862,84.375,11,0
632,-41.81031489577862,95.625,9,0
633,-41.81031489577862,106.875,13,0
634,-41.81031489577862,118.125,12,0
635,-41.81031489577862,129.375,10,0
636,-41.81031489577862,140.625,8,0
637,-41.81031489577862,151.875,9,0
638,-41.81031489577862,163.125,13,0
639,-41.81031489577862,174.375,14,0
640,-41.81031489577862,-174.375,8,0
641,-41.81031489577862,-163.125,7,0
642,-41.81031489577862,-151.875,9,0
643,-41.81031489577862,-140.625,12,0
644,-41.81031489577862,-129.37500000000006,11,0
645,-41.81031489577862,-118.125,8,0
646,-41.81031489577862,-106.875,13,0
647,-41.81031489577862,-95.625,14,0
648,-41.81031489577862,-84.375,11,0
649,-41.81031489577862,-73.12500000000006,11,0
650,-41.81031489577862,-61.875,7,0
651,-41.81031489577862,-50.625,8,0
652,-41.81031489577862,-39.375,10,0
653,-41.81031489577862,-28.125,8,0
654,-41.81031489577862,-16.875,10,0
655,-41.81031489577862,-5.625,14,0
656,-48.1412077943603,6.428571428571416,6,0
657,-48.1412077943603,19.285714285714278,12,0
658,-48.1412077943603,32.14285714285714,12,0
659,-48.1412077943603,45.0,11,0
660,-48.1412077943603,57.85714285714286,8,0
661,-48.1412077943603,70.71428571428572,8,0
662,-48.1412077943603,83.57142857142856,9,0
663,-48.1412077943603,96.42857142857144,10,0
664,-48.1412077943603,109.28571428571428,9,0
665,-48.1412077943603,122.14285714285711,12,0
666,-48.1412077943603,135.0,6,0
667,-48.1412077943603,147.8571428571429,9,0
668,-48.1412077943603,160.71428571428572,13,0
669,-48.1412077943603,173.57142857142856,14,0
670,-48.1412077943603,-173.57142857142856,9,0
671,-48.1412077943603,-160.71428571428572,10,0
672,-48.1412077943603,-147.8571428571429,14,0
673,-48.1412077943603,-135.0,15,0
674,-48.1412077943603,-122.14285714285711,12,0
675,-48.1412077943603,-109.28571428571428,7,0
676,-48.1412077943603,-96.42857142857144,16,0
677,-48.1412077943603,-83.57142857142856,17,0
678,-48.1412077943603,-70.71428571428572,11,0
679,-48.1412077943603,-57.85714285714283,6,0
680,-48.1412077943603,-45.0,8,0
681,-48.1412077943603,-32.14285714285717,3,0
682,-48.1412077943603,-19.28571428571422,8,0
683,-48.1412077943603,-6.428571428571445,9,0
684,-54.340912303861245,7.5,2,0
685,-54.340912303861245,22.5,9,0
686,-54.340912303861245,37.5,8,0
687,-54.340912303861245,52.5,14,0
688,-54.340912303861245,67.5,4,0
689,-54.340912303861245,82.5,11,0
690,-54.340912303861245,97.5,10,0
691,-54.340912303861245,112.5,8,0
692,-54.340912303861245,127.5,8,0
693,-54.340912303861245,142.5,7,0
694,-54.340912303861245,157.5,13,0
695,-54.340912303861245,172.5,11,0
696,-54.340912303861245,-172.5,10,0
697,-54.340912303861245,-157.5,11,0
698,-54.340912303861245,-142.5,17,0
699,-54.340912303861245,-127.5,15,0
700,-54.340912303861245,-112.5,9,0
701,-54.340912303861245,-97.5,7,0
702,-54.340912303861245,-82.5,14,0
703,-54.340912303861245,-67.5,8,0
704,-54.340912303861245,-52.50000000000006,5,0
705,-54.340912303861245,-37.5,10,0
706,-54.340912303861245,-22.5,10,0
707,-54.340912303861245,-7.5,7,0
708,-60.4344388449523,9.0,11,0
709,-60.4344388449523,27.0,11,0
710,-60.4344388449523,45.0,14,0
711,-60.4344388449523,63.0,8,0
712,-60.4344388449523,81.0,11,0
713,-60.4344388449523,99.0,8,0
714,-60.4344388449523,117.0,12,0
715,-60.4344388449523,135.0,15,0
716,-60.4344388449523,153.0,13,0
717,-60.4344388449523,171.0,16,0
718,-60.4344388449523,-171.0,6,0
719,-60.4344388449523,-153.0,7,0
720,-60.4344388449523,-135.0,11,0
721,-60.4344388449523,-117.0,10,0
722,-60.4344388449523,-99.0,8,0
723,-60.4344388449523,-81.0,14,0
724,-60.4344388449523,-63.0,12,0
725,-60.4344388449523,-45.0,14,0
726,-60.4344388449523,-27.0,14,0
727,-60.4344388449523,-9.0,13,0
728,-66.44353569089876,11.25,12,0
729,-66.44353569089876,33.75,11,0
730,-66.44353569089876,56.25,10,0
731,-66.44353569089876,78.75,10,0
732,-66.44353569089876,101.25,17,0
733,-66.44353569089876,123.75,12,0
734,-66.44353569089876,146.25,13,0
735,-66.44353569089876,168.75,16,0
736,-66.44353569089876,-168.75,14,0
737,-66.44353569089876,-146.25,5,0
738,-66.44353569089876,-123.75,14,0
739,-66.44353569089876,-101.25,12,0
740,-66.44353569089876,-78.75,14,0
741,-66.44353569089876,-56.25,11,0
742,-66.44353569089876,-33.75,18,0
743,-66.44353569089876,-11.25,14,0
744,-72.38756092964962,15.0,11,0
745,-72.38756092964962,45.0,9,0
746,-72.38756092964962,75.0,12,0
747,-72.38756092964962,105.0,7,0
748,-72.38756092964962,135.0,14,0
749,-72.38756092964962,165.0,9,0
750,-72.38756092964962,-165.0,9,0
751,-72.38756092964962,-135.0,12,0
752,-72.38756092964962,-105.0,13,0
753,-72.38756092964962,-75.0,11,0
754,-72.38756092964962,-45.0,14,0
755,-72.38756092964962,-15.0,15,0
756,-78.28414760510762,22.5,11,0
757,-78.28414760510762,67.5,14,0
758,-78.28414760510762,112.5,8,0
759,-78.28414760510762,157.5,12,0
760,-78.28414760510762,-157.5,11,0
761,-78.28414760510762,-112.5,11,0
762,-78.28414760510762,-67.5,10,0
763,-78.28414760510762,-22.5,7,0
764,-84.14973293629666,45.0,10,0
765,-84.14973293629666,135.0,12,0
766,-84.14973293629666,-135.0,12,0
767,-84.14973293629666,-45.0,6,0
